TimeStamp,Ax,Ay,Az,Gx,Gy,Gz,Mx,My,Mz
1554107532559,-8.034941,-0.670975,4.7542860000000005,0.7233145999999999,0.28016454,0.44847634,3.0,45.3,1.44
1554107532579,-8.054094000000001,-0.4890157,4.601057,0.6103965,0.28229508,0.43675843,3.3,45.06,1.08
1554107532599,-7.929596000000001,-0.47465047,4.8261123,0.50600064,0.2908172,0.47297743,3.54,44.76,0.78
1554107532618,-8.101977999999999,-0.57041854,5.0320134,0.5592638000000001,0.2790993,0.43995422,3.78,44.46,0.54
1554107532639,-8.006210000000001,-0.30705637,4.89315,0.6870956,0.23542345,0.35260254,4.14,43.98,0.24
1554107532659,-7.996633500000001,-0.038905777,4.5962687,0.67324716,0.21837921,0.35260254,4.44,43.62,0.12
1554107532679,-7.915230800000001,0.24839842,4.634576,0.6125271,0.19707392,0.30360037,4.68,43.32,0.0
1554107532699,-7.896077,0.32022446,4.6202106,0.59228706,0.17044231,0.24607609,4.98,43.08,-0.06
1554107532719,-7.9008656,0.6985083000000001,4.3999443,0.56459016,0.14807177,0.20772657,5.16,42.84,-0.24
1554107532738,-8.145074000000001,0.76554596,4.4382515,0.35899413,0.14168017,0.18748654,5.28,42.72,-0.48
1554107532759,-8.135497,0.15741876,4.797382,0.13102753,0.12463594,0.14061491,5.4,42.54,-0.66
1554107532778,-8.001422,0.42556936,4.835689,0.039414786,0.082025364,0.12463594,5.52,42.42,-0.9
1554107532798,-7.9583262999999995,0.6745663000000001,4.6297874000000006,0.008522116,0.047936900000000005,0.113983296,5.7,42.24,-1.08
1554107532819,-7.9583262999999995,0.83737206,4.5196543,-0.04261058,0.034088463,0.068176925,5.82,42.0,-1.32
1554107532839,-7.9391727,0.44472298,4.7159786,-0.060720075,0.029827405,0.020240024,5.94,41.76,-1.56
1554107532858,-8.034941,0.05686229,4.883573,-0.007456851,0.024501082,0.020240024,6.0,41.58,-1.74
1554107532879,-7.9822683,0.31064767,5.060744000000001,0.07243799,-0.002130529,0.024501082,6.06,41.34,-1.92
1554107532898,-8.121132000000001,0.47824179999999994,4.7399206,0.13528858,-0.025566347000000003,-0.012783173500000002,6.12,41.16,-1.98
1554107532918,-7.996633500000001,0.8038531999999999,4.672883000000001,0.13848437,-0.036218993,-0.06924219,6.12,40.98,-2.04
1554107532938,-8.020576,0.7224503999999999,4.830900700000001,0.039414786,-0.03195793,-0.07030745599999999,6.18,40.86,-2.04
1554107532959,-8.279149,0.09516951400000001,5.0511669999999995,0.043675844000000005,-0.047936900000000005,-0.15765914,6.18,40.8,-2.04
1554107532979,-8.192958,-0.14903906,5.348048,-0.01917476,-0.058589544,-0.15978967,6.18,40.74,-2.04
1554107532998,-7.9008656,-0.24959552,4.9745526,0.027696876000000002,-0.099069595,-0.12144015,6.18,40.74,-1.98
1554107533018,-8.135497,-0.22565351,4.735132,0.11824436,-0.1438107,-0.08628642,6.18,40.74,-1.98
1554107533038,-8.058883,0.37289690000000003,4.8787847,0.1107875,-0.14487597,-0.0031957934000000003,6.18,40.74,-1.92
1554107533059,-8.130709,0.24839842,5.458181400000001,0.07456851,-0.15233281,-0.026631612000000002,6.18,40.74,-1.92
1554107533078,-8.384495,0.17657238,5.180454,0.049002163,-0.15020229,-0.027696876000000002,6.18,40.68,-1.92
1554107533098,-8.054094000000001,0.6027403,5.0798974,0.06924219,-0.14594123,-0.0010652645,6.18,40.68,-1.92
1554107533119,-8.173803999999999,0.65541273,5.367202,0.054328485999999995,-0.11717909,-0.02130529,6.12,40.68,-1.98
1554107533138,-8.039729,0.7799111999999999,5.2618566,0.027696876000000002,-0.09587380000000001,-0.05539375,6.12,40.74,-2.1
1554107533160,-8.020576,0.6362591,5.257068,0.014913702,-0.084155895,-0.10013486,6.12,40.8,-2.16
1554107533180,-7.8673470000000005,0.42078096,5.34326,0.03834952,-0.07989483,-0.10439592,6.12,40.8,-2.28
1554107533200,-8.030152000000001,0.28670564,5.319318,0.051132694000000006,-0.07882957,-0.10439592,6.06,40.86,-2.34
1554107533219,-7.943961,0.12868834,5.276222,0.05539375,-0.10333065,-0.08948222,6.06,40.92,-2.46
1554107533239,-7.728483,0.3776853,5.4964886,0.07243799,-0.10759171,-0.08948222,6.06,40.98,-2.52
1554107533259,-7.7811556,1.1677719,4.9506106,0.16192019,-0.14594123,-0.15446335,6.06,41.04,-2.58
1554107533279,-7.5800424,0.97623575,4.936245400000001,0.034088463,-0.14594123,-0.19174760000000002,6.06,41.1,-2.7
1554107533299,-7.632714999999999,0.26276365,5.003283000000001,0.013848438000000001,-0.14594123,-0.2727077,6.06,41.1,-2.82
1554107533318,-7.489063000000001,0.26755205,5.0080714,0.10546118,-0.18429075,-0.26631612,6.12,41.1,-2.94
1554107533339,-7.192182000000001,0.76075757,5.003283000000001,0.18642128,-0.22796659,-0.30466563,6.12,41.16,-3.12
1554107533358,-7.0341644,0.88046765,4.768651,0.21624869,-0.2727077,-0.4282363,6.12,41.22,-3.24
1554107533379,-6.8186865,0.96665895,4.529230999999999,0.13315806,-0.35260254,-0.5795039000000001,6.06,41.4,-3.48
1554107533398,-6.6510925,0.9235633,4.553173,0.03195793,-0.4261058,-0.6668556,6.06,41.46,-3.6
1554107533419,-6.430825700000001,0.64583594,4.577115,-0.101200126,-0.5219796,-0.8266452,5.94,41.7,-3.84
1554107533439,-6.435614,0.12868834,4.68246,-0.128897,-0.6380934,-1.0450244,5.82,42.0,-3.96
1554107533459,-6.7277070000000005,-0.038905777,4.9218802,-0.1438107,-0.70840085,-1.139833,5.7,42.36,-4.08
1554107533479,-6.7229185,-0.3645172,4.5819035,-0.17470337,-0.8117314999999999,-1.2154667,5.4,42.78,-4.2
1554107533498,-6.4164605,-0.45070848,4.2945995,-0.3653857,-0.91186637,-1.2964269,4.86,43.26,-4.32
1554107533518,-6.114791,-0.53689975,4.040814,-0.65513766,-0.99495703,-1.3923006000000002,4.32,43.8,-4.5
1554107533540,-6.1387334000000005,-1.1258733,4.385579,-1.0865698000000001,-1.071656,-1.4434333000000001,3.72,44.4,-4.68
1554107533560,-6.229712999999999,-1.7292121999999999,5.180454,-1.551025,-1.1057445,-1.4572818,3.12,45.0,-4.86
1554107533579,-5.951985400000001,-2.3756466,5.357625,-1.8716697,-1.1249193000000002,-1.4775218,2.4,45.66,-4.98
1554107533599,-5.645528,-2.8880057,5.769428,-2.0548952000000003,-1.1110708999999999,-1.4966966,1.8,46.26,-5.04
1554107533619,-5.444414599999999,-3.4099417,5.6545057,-2.1720743,-1.0982877,-1.546764,1.14,46.92,-5.1
1554107533639,-5.2863975,-3.5727474999999997,5.960963700000001,-2.2413163,-1.0492854999999999,-1.5765913999999999,0.6,47.7,-5.04
1554107533658,-5.209783,-4.415506400000001,5.8508306,-2.1656826000000002,-1.0077401,-1.6650082999999998,0.12,48.66,-4.62
1554107533678,-5.070919,-5.1385555,6.0806737,-2.2413163,-0.9438243000000001,-1.6490293999999999,-0.6,49.5,-4.08
1554107533699,-4.76925,-6.0770826,5.831677,-2.2572954,-0.9012136999999999,-1.6010925,-1.44,50.28,-3.36
1554107533718,-4.3813889999999995,-5.938218599999999,6.0088477,-2.3297334,-0.8426242,-1.5552860000000002,-2.34,51.06,-2.52
1554107533738,-4.2664676,-6.206369400000001,5.7502737,-2.3446472000000003,-0.7669904000000001,-1.582983,-3.24,51.78,-1.5
1554107533759,-4.2042184,-7.3029137,5.2810106,-2.4873924,-0.6743124,-1.5691346000000002,-4.32,52.38,-0.3
1554107533779,-4.0509889999999995,-7.834426400000001,4.979341000000001,-2.5555694,-0.6103965,-1.4775218,-5.46,52.86,1.14
1554107533799,-3.6487634,-8.059482000000001,4.696825,-2.646117,-0.56459016,-1.3859091000000001,-6.72,53.22,2.7
1554107533819,-3.4189199999999995,-8.643666,5.180454,-2.7569044,-0.49215218,-1.3379722,-7.86,53.22,4.2
1554107533839,-3.3087866000000004,-9.476849000000001,4.912303400000001,-2.6951191000000003,-0.41864893,-1.3358417,-8.82,53.16,5.7
1554107533858,-3.1507695,-9.950901,4.7830167,-2.4607607999999996,-0.3568636,-1.3038836999999999,-9.72,52.98,7.2
1554107533879,-2.8874072999999996,-10.037092,3.9211037,-1.8098843,-0.26312032,-1.2399678,-10.62,52.5,8.82
1554107533899,-2.8155810000000003,-10.137649,3.447052,-1.4679343999999999,-0.22796659,-1.1749867,-11.46,51.84,10.38
1554107533919,-2.4995465,-10.434529,3.1501707999999997,-1.3528858,-0.20026971,-1.0567423,-12.18,51.12,11.76
1554107533939,-2.2936451,-10.726623,3.8588544999999996,-1.2559468,-0.165116,-0.9470200999999999,-12.9,50.28,12.9
1554107533958,-2.5043349999999998,-11.009138,3.7104141999999998,-0.902279,-0.13528858,-0.8628642,-13.56,49.38,13.92
1554107533978,-2.5043349999999998,-11.076176,3.1262288,-0.5837649,-0.12037488,-0.78083885,-14.16,48.42,14.76
1554107533999,-2.3319526,-10.918159,2.9730000000000003,-0.34408042,-0.10333065,-0.60720074,-14.76,47.46,15.48
1554107534020,-2.2601264,-10.530297000000001,3.1070752,-0.21944448,-0.06498113,-0.47404268,-15.18,46.62,16.08
1554107534038,-2.3702598,-10.511144,3.2650926,-0.12357068,-0.03089267,-0.37284255,-15.54,46.08,16.56
1554107534059,-2.5234885,-10.324396,3.1022868,-0.049002163,0.01917476,-0.2545982,-15.9,45.6,16.92
1554107534079,-2.4420857000000002,-10.209475,3.1932666000000003,0.02876214,0.053263225,-0.16298546,-16.26,45.24,17.4
1554107534099,-2.4133554,-9.960478,3.0065188,0.10972224,0.07243799,-0.07350325,-16.5,45.06,17.82
1554107534119,-2.4516625,-9.835979,3.164536,0.21624869,0.08522116,-0.023435817999999997,-16.68,44.88,18.24
1554107534139,-2.4037786,-9.835979,3.0304607999999997,0.3153183,0.10226539,0.03834952,-16.8,44.76,18.54
1554107534158,-2.3654714,-9.725846,3.0017304,0.40586576,0.10546118,0.09267801,-16.86,44.7,18.72
1554107534180,-2.3175871,-9.452907000000002,2.9442697,0.5134575,0.10652645,0.15765914,-17.04,44.64,19.02
1554107534199,-2.3175871,-9.208698,2.7335799,0.5496765,0.098004326,0.19387813,-17.1,44.64,19.02
1554107534219,-2.2888567,-9.041103999999999,2.5899277,0.56245965,0.094808534,0.221575,-17.22,44.7,19.08
1554107534239,-2.2457612,-8.959702,2.7096379,0.55074173,0.07882957,0.23968449999999997,-17.28,44.88,18.84
1554107534258,-2.2074540000000002,-8.959702,2.795829,0.5432849000000001,0.060720075,0.25033715,-17.4,45.12,18.54
1554107534278,-2.0638018,-8.878299,2.9873652,0.5816344,0.046871635999999994,0.24607609,-17.4,45.3,18.18
1554107534299,-2.0254946,-8.772953999999999,2.6569653,0.6125271,0.02876214,0.23116238,-17.34,45.78,17.76
1554107534319,-1.9393034,-8.5622635,2.915539,0.56672066,0.020240024,0.21092236,-17.28,46.14,17.4
1554107534338,-1.7908629,-8.5622635,3.1932666000000003,0.5209143,0.008522116,0.19281286,-17.22,46.5,17.04
1554107534359,-1.8052281000000003,-8.581417,3.3273417999999997,0.50173956,0.0010652645,0.17576863,-17.04,46.8,16.74
1554107534378,-1.7286136000000003,-8.45213,3.3895910000000002,0.47191215,-0.011717908999999999,0.15020229,-16.92,47.04,16.44
1554107534399,-1.8195933000000002,-8.456919000000001,3.4614172,0.41758367,-0.03834952,0.11611383,-16.8,47.22,16.2
1554107534418,-1.8483237000000001,-8.341997000000001,3.5476084,0.3568636,-0.054328485999999995,0.08735169,-16.74,47.4,16.08
1554107534439,-1.8243817,-8.313267,3.6194344,0.31105720000000003,-0.06604639400000001,0.054328485999999995,-16.74,47.52,15.9
1554107534459,-1.9153613999999999,-8.346786,3.8971617,0.28229508,-0.07563378,0.026631612000000002,-16.68,47.64,15.72
1554107534479,-1.8866308999999997,-8.30369,3.8109705000000003,0.25672874,-0.07137272,0.008522116,-16.62,47.82,15.6
1554107534498,-1.9297266,-8.289325,3.9067385000000003,0.22796659,-0.06178534,-0.007456851,-16.56,48.0,15.42
1554107534518,-2.0254946,-8.284536,3.9354692000000004,0.21411815,-0.05219796,-0.027696876000000002,-16.44,48.18,15.24
1554107534538,-2.1978772,-8.179192,4.0264487,0.2130529,-0.043675844000000005,-0.054328485999999995,-16.32,48.48,15.06
1554107534559,-2.327164,-8.112153999999999,3.7199910000000003,0.1438107,-0.02876214,-0.07243799,-16.14,48.72,14.88
1554107534579,-2.2888567,-8.145673,3.8061821000000005,-0.0053263223,-0.017044231,-0.07243799,-15.96,48.96,14.64
1554107534599,-2.3415293999999998,-8.337209,4.016872,-0.12250541,-0.004261058,-0.08948222,-15.84,49.2,14.46
1554107534618,-2.2505496,-8.45213,4.007295,-0.14061491,0.00958738,-0.09374327,-15.66,49.38,14.28
1554107534639,-2.2266076,-8.519167999999999,4.308964700000001,-0.09374327,0.0063915867,-0.09587380000000001,-15.54,49.5,14.1
1554107534658,-2.1212628,-8.576628999999999,4.3999443,-0.025566347000000003,0.0053263223,-0.10759171,-15.48,49.62,13.92
1554107534679,-2.0398598000000003,-8.667608,4.3999443,0.029827405,0.00958738,-0.10759171,-15.42,49.68,13.74
1554107534699,-2.1643584,-8.567052,4.313753,0.07137272,0.013848438000000001,-0.096939065,-15.42,49.68,13.68
1554107534718,-2.111686,-8.456919000000001,4.2036195,0.08628642,0.029827405,-0.09374327,-15.36,49.62,13.68
1554107534739,-2.1547816,-8.413822999999999,4.2275615,0.04580637,0.043675844000000005,-0.08948222,-15.36,49.62,13.68
1554107534759,-2.2026656000000004,-8.389880999999999,4.2036195,0.029827405,0.060720075,-0.09267801,-15.36,49.62,13.68
1554107534778,-2.2409727999999998,-8.428188,3.9498343,0.051132694000000006,0.06924219,-0.10226539,-15.36,49.62,13.62
1554107534799,-2.2888567,-8.380303999999999,4.1222167,0.06498113,0.07243799,-0.10439592,-15.36,49.68,13.62
1554107534819,-2.384625,-8.284536,4.064756,0.07137272,0.07989483,-0.10865697,-15.42,49.68,13.62
1554107534839,-2.4229321,-8.279748,3.8780080999999997,0.03195793,0.082025364,-0.10439592,-15.48,49.68,13.56
1554107534859,-2.4756044999999998,-8.284536,3.7966053,-0.03834952,0.07776430000000001,-0.09587380000000001,-15.54,49.68,13.56
1554107534879,-2.4995465,-8.203134,3.7870286,-0.13315806,0.07137272,-0.07669904,-15.6,49.68,13.56
1554107534899,-2.4851813,-8.495225999999999,3.7295678,-0.21198763,0.068176925,-0.06285059999999999,-15.72,49.68,13.5
1554107534918,-2.4085669999999997,-8.658031,3.9641995000000003,-0.23755397,0.07030745599999999,-0.046871635999999994,-15.78,49.68,13.5
1554107534939,-2.327164,-8.648455,4.0934862999999995,-0.19068234,0.084155895,-0.026631612000000002,-15.9,49.68,13.5
1554107534958,-2.3750482,-8.768166,3.9689879999999995,-0.12676647,0.10333065,-0.0031957934000000003,-15.96,49.74,13.44
1554107534978,-2.4277205000000004,-8.686762,3.9211037,-0.094808534,0.12357068,0.010652645,-16.08,49.74,13.44
1554107534998,-2.3127987,-8.729858,3.9546227,-0.07776430000000001,0.13954964,0.023435817999999997,-16.14,49.74,13.44
1554107535018,-2.3415293999999998,-8.72507,3.8205473,-0.060720075,0.15233281,0.03089267,-16.26,49.8,13.44
1554107535038,-2.3558946,-8.677185,3.887585,-0.049002163,0.16724652,0.03089267,-16.32,49.74,13.5
1554107535059,-2.327164,-8.504802999999999,3.7774517999999997,-0.09267801,0.16724652,0.037284255,-16.44,49.74,13.62
1554107535079,-2.3415293999999998,-8.519167999999999,3.8109705000000003,-0.13741912,0.16085494,0.02876214,-16.5,49.74,13.68
1554107535099,-2.2888567,-8.428188,3.7630866000000003,-0.10865697,0.15233281,0.007456851,-16.56,49.74,13.8
1554107535118,-2.327164,-8.4425535,3.7535098,-0.020240024,0.14594123,-0.015978966,-16.56,49.68,13.92
1554107535139,-2.3319526,-8.413822999999999,3.8301241000000004,0.053263225,0.14913702,-0.026631612000000002,-16.62,49.62,13.98
1554107535159,-2.4660277,-8.418612,3.8013937000000007,0.101200126,0.15552860000000002,-0.041545313,-16.62,49.56,14.1
1554107535179,-2.3894134,-8.332419999999999,3.7104141999999998,0.10865697,0.17044231,-0.047936900000000005,-16.62,49.5,14.16
1554107535198,-2.456451,-8.341997000000001,3.5332432000000003,0.07350325,0.18322548,-0.05965481,-16.62,49.44,14.22
1554107535218,-2.4947581000000003,-8.519167999999999,3.8061821000000005,0.014913702,0.20026971,-0.07776430000000001,-16.56,49.38,14.16
1554107535239,-2.4899697,-8.629301,3.6242227999999996,0.02130529,0.21518342,-0.096939065,-16.62,49.32,14.16
1554107535259,-2.3798366,-8.610147,3.6290112,0.02876214,0.22583607,-0.096939065,-16.62,49.26,14.16
1554107535279,-2.3511062000000003,-8.701127,3.6194344,-0.017044231,0.23435818,-0.07669904,-16.62,49.2,14.1
1554107535299,-2.4947581000000003,-8.715492999999999,3.8061821000000005,-0.084155895,0.22264028,-0.06178534,-16.68,49.2,14.04
1554107535319,-2.5139117000000004,-8.787319,3.8109705000000003,-0.111852765,0.21624869,-0.043675844000000005,-16.8,49.2,14.04
1554107535339,-2.5474305,-8.950125,3.7630866000000003,-0.033023197000000004,0.20985709,-0.040480047000000005,-16.86,49.2,14.04
1554107535359,-2.528277,-8.710705,3.8253357000000006,0.08735169,0.20133498,-0.034088463,-16.92,49.14,14.04
1554107535378,-2.633622,-8.54311,3.5715504,0.15233281,0.1949434,-0.02876214,-16.98,49.14,14.04
1554107535398,-2.6144682999999995,-8.409035000000001,3.6337996,0.13315806,0.17363810000000002,-0.026631612000000002,-17.1,49.14,14.1
1554107535418,-2.5761611,-8.399458000000001,3.5236663999999998,0.094808534,0.1587244,-0.05539375,-17.16,49.14,14.1
1554107535439,-2.5713725,-8.399458000000001,3.5523968,0.08948222,0.13954964,-0.094808534,-17.22,49.2,14.16
1554107535459,-2.5617957000000002,-8.45213,3.4039562000000005,0.08841695,0.13102753,-0.10759171,-17.28,49.2,14.22
1554107535478,-2.6048915,-8.298902,3.413533,0.054328485999999995,0.12250541,-0.111852765,-17.28,49.2,14.22
1554107535498,-2.633622,-8.456919000000001,3.5093012000000003,0.035153727999999995,0.112918034,-0.11824436,-17.34,49.26,14.22
1554107535519,-2.585738,-8.504802999999999,3.413533,0.033023197000000004,0.112918034,-0.10972224,-17.4,49.32,14.22
1554107535539,-2.6384103,-8.581417,3.4614172,0.035153727999999995,0.12037488,-0.099069595,-17.4,49.38,14.22
1554107535558,-2.6527755,-8.57184,3.3895910000000002,0.043675844000000005,0.12676647,-0.09267801,-17.46,49.38,14.16
1554107535578,-2.7485435000000003,-8.567052,3.365649,0.05539375,0.12570119999999999,-0.08628642,-17.52,49.44,14.16
1554107535599,-2.695871,-8.629301,3.413533,0.034088463,0.12570119999999999,-0.084155895,-17.58,49.5,14.1
1554107535619,-2.6910827,-8.658031,3.3752258,0.004261058,0.12037488,-0.07137272,-17.7,49.56,14.1
1554107535638,-2.5809495,-8.567052,3.4278982000000005,-0.018109497,0.1107875,-0.06391586,-17.88,49.62,14.1
1554107535658,-2.6623523,-8.552686999999999,3.4566288,-0.025566347000000003,0.10439592,-0.054328485999999995,-18.12,49.62,14.1
1554107535679,-2.6048915,-8.590994,3.518878,-0.020240024,0.07989483,-0.05006743,-18.36,49.68,14.1
1554107535701,-2.5905263,-8.500014,3.5236663999999998,-0.0053263223,0.060720075,-0.046871635999999994,-18.6,49.62,14.1
1554107535719,-2.5713725,-8.447341999999999,3.5619736000000004,0.018109497,0.03089267,-0.05752428,-18.78,49.62,14.1
1554107535738,-2.7006595,-8.480861,3.6050692000000004,0.025566347000000003,0.0010652645,-0.06604639400000001,-18.96,49.56,14.04
1554107535759,-2.7868507,-8.495225999999999,3.5523968,0.023435817999999997,-0.017044231,-0.068176925,-19.08,49.44,13.98
1554107535779,-2.8538885,-8.476072,3.5284547999999996,-0.002130529,-0.03834952,-0.06391586,-19.14,49.32,13.92
1554107535798,-2.767697,-8.528744999999999,3.6816837999999996,-0.040480047000000005,-0.03834952,-0.056459017,-19.14,49.2,13.86
1554107535819,-2.8107927000000004,-8.658031,3.7247794,-0.041545313,-0.034088463,-0.041545313,-19.08,49.08,13.8
1554107535839,-2.7246015,-8.758589,3.696049,-0.014913702,-0.025566347000000003,-0.023435817999999997,-19.02,49.02,13.8
1554107535859,-2.6862943,-8.734647,3.6721067,-0.007456851,-0.013848438000000001,0.0,-19.02,48.96,13.74
1554107535879,-2.7437549999999997,-8.638878,3.5619736000000004,-0.015978966,-0.014913702,0.015978966,-18.96,48.9,13.68
1554107535899,-2.7198130000000003,-8.672397,3.5571851999999997,-0.010652645,-0.017044231,0.025566347000000003,-18.9,48.9,13.68
1554107535919,-2.6001031,-8.638878,3.6768951000000003,-0.004261058,-0.025566347000000003,0.034088463,-18.9,48.96,13.68
1554107535938,-2.6288335,-8.5622635,3.6673183,0.0031957934000000003,-0.03089267,0.03195793,-18.9,48.96,13.68
1554107535958,-2.6623523,-8.5143795,3.7343562000000006,0.02130529,-0.04474111,0.024501082,-18.9,49.02,13.68
1554107535978,-2.60968,-8.409035000000001,3.6098576,0.03195793,-0.06178534,0.01917476,-18.9,49.08,13.74
1554107535999,-2.5474305,-8.346786,3.518878,0.03834952,-0.068176925,0.00958738,-18.9,49.08,13.74
1554107536019,-2.6862943,-8.356361999999999,3.4422636,0.010652645,-0.06178534,0.004261058,-18.9,49.08,13.74
1554107536039,-2.705448,-8.476072,3.5619736000000004,-0.010652645,-0.056459017,0.0010652645,-18.84,49.08,13.74
1554107536058,-2.6862943,-8.45213,3.6098576,-0.035153727999999995,-0.04261058,-0.004261058,-18.84,49.08,13.74
1554107536078,-2.633622,-8.4664955,3.5811272000000005,-0.037284255,-0.02130529,-0.011717908999999999,-18.84,49.08,13.74
1554107536109,-2.705448,-8.523956,3.696049,-0.039414786,-0.008522116,-0.007456851,-18.78,49.02,13.74
1554107536118,-2.6910827,-8.509591,3.7104141999999998,-0.049002163,-0.00958738,-0.0053263223,-18.78,49.02,13.74
1554107536139,-2.7198130000000003,-8.504802999999999,3.54282,-0.053263225,-0.007456851,-0.011717908999999999,-18.66,48.96,13.68
1554107536158,-2.657564,-8.614936,3.7247794,-0.05219796,-0.017044231,-0.013848438000000001,-18.54,48.96,13.74
1554107536178,-2.6384103,-8.610147,3.6194344,-0.046871635999999994,-0.023435817999999997,-0.00958738,-18.48,48.96,13.74
1554107536198,-2.5617957000000002,-8.567052,3.8684312999999997,-0.024501082,-0.03195793,-0.008522116,-18.36,48.96,13.8
1554107536219,-2.6623523,-8.610147,3.6673183,-0.010652645,-0.03195793,0.0,-18.3,48.96,13.86
1554107536238,-2.6910827,-8.523956,3.8492777,0.002130529,-0.025566347000000003,0.004261058,-18.18,48.96,13.92
1554107536259,-2.7868507,-8.528744999999999,3.7822402000000004,-0.007456851,-0.015978966,0.0,-18.18,48.96,13.98
1554107536280,-2.7820622999999998,-8.533533,3.6864722000000003,-0.012783173500000002,-0.013848438000000001,0.0,-18.12,48.96,13.98
1554107536299,-2.8538885,-8.581417,3.8205473,-0.008522116,-0.007456851,0.007456851,-18.12,48.96,14.04
1554107536319,-2.695871,-8.528744999999999,3.743933,0.008522116,0.002130529,0.022370555,-18.12,48.96,14.04
1554107536338,-2.7581203,-8.485649,3.887585,0.015978966,0.00958738,0.03089267,-18.12,48.96,14.04
1554107536358,-2.8395232999999998,-8.595782,3.7199910000000003,0.027696876000000002,0.0053263223,0.02876214,-18.06,49.02,14.04
1554107536379,-2.8299465,-8.413822999999999,3.7056258,0.03089267,0.0031957934000000003,0.024501082,-18.12,49.02,14.1
1554107536399,-2.7629087,-8.4234,3.6002807999999997,0.03089267,-0.0063915867,0.012783173500000002,-18.12,49.02,14.1
1554107536418,-2.7629087,-8.461707,3.5619736000000004,0.043675844000000005,-0.002130529,0.011717908999999999,-18.12,49.02,14.1
1554107536438,-2.7964275,-8.356361999999999,3.5715504,0.05006743,0.0010652645,0.011717908999999999,-18.12,49.02,14.1
1554107536460,-2.8491,-8.380303999999999,3.5763388,0.054328485999999995,0.00958738,0.0031957934000000003,-18.0,49.02,14.16
1554107536479,-2.8874072999999996,-8.255806,3.518878,0.03195793,0.020240024,-0.0063915867,-17.94,49.08,14.1
1554107536499,-2.9113493,-8.284536,3.470994,0.0,0.017044231,-0.013848438000000001,-17.82,49.08,14.04
1554107536519,-2.954445,-8.179192,3.494936,-0.018109497,0.018109497,-0.023435817999999997,-17.76,49.08,13.92
1554107536539,-2.9113493,-8.294113000000001,3.54282,-0.036218993,0.014913702,-0.025566347000000003,-17.64,49.08,13.8
1554107536559,-3.0071173,-8.39467,3.447052,-0.04474111,0.00958738,-0.035153727999999995,-17.58,49.08,13.74
1554107536578,-2.9113493,-8.413822999999999,3.4326867999999995,-0.047936900000000005,-0.004261058,-0.037284255,-17.58,49.2,13.68
1554107536598,-2.8969840000000002,-8.370728,3.6337996,-0.046871635999999994,-0.012783173500000002,-0.039414786,-17.52,49.26,13.62
1554107536618,-2.873042,-8.4234,3.6529531000000004,-0.04580637,-0.024501082,-0.043675844000000005,-17.58,49.32,13.56
1554107536639,-2.8874072999999996,-8.5143795,3.6433763999999997,-0.051132694000000006,-0.033023197000000004,-0.04261058,-17.64,49.38,13.56
1554107536659,-2.930503,-8.5383215,3.494936,-0.049002163,-0.040480047000000005,-0.035153727999999995,-17.7,49.38,13.62
1554107536679,-2.8443117,-8.523956,3.6433763999999997,-0.040480047000000005,-0.040480047000000005,-0.03195793,-17.76,49.44,13.62
1554107536699,-2.7868507,-8.509591,3.696049,-0.039414786,-0.051132694000000006,-0.026631612000000002,-17.76,49.44,13.68
1554107536718,-2.767697,-8.581417,3.7199910000000003,-0.049002163,-0.049002163,-0.023435817999999997,-17.76,49.44,13.74
1554107536738,-2.801216,-8.533533,3.6768951000000003,-0.040480047000000005,-0.039414786,-0.027696876000000002,-17.76,49.38,13.92
1554107536759,-2.8491,-8.69155,3.5523968,-0.02130529,-0.03195793,-0.027696876000000002,-17.76,49.32,14.04
1554107536778,-2.9400797,-8.581417,3.5236663999999998,-0.025566347000000003,-0.03195793,-0.026631612000000002,-17.76,49.26,14.28
1554107536799,-2.8682537,-8.624513,3.4805707999999997,-0.051132694000000006,-0.02876214,-0.02130529,-17.76,49.26,14.4
1554107536818,-2.9640217,-8.667608,3.4422636,-0.046871635999999994,-0.027696876000000002,-0.0053263223,-17.76,49.14,14.52
1554107536838,-2.8538885,-8.787319,3.5140896,-0.012783173500000002,-0.02130529,0.010652645,-17.76,49.14,14.58
1554107536859,-2.8395232999999998,-8.787319,3.6625300000000003,0.017044231,-0.015978966,0.022370555,-17.76,49.08,14.58
1554107536878,-2.8395232999999998,-8.648455,3.4997244,0.053263225,-0.008522116,0.036218993,-17.76,49.08,14.64
1554107536898,-2.9113493,-8.471283999999999,3.614646,0.07882957,-0.004261058,0.035153727999999995,-17.7,49.02,14.52
1554107536919,-2.801216,-8.504802999999999,3.6673183,0.14061491,0.004261058,0.036218993,-17.64,48.96,14.4
1554107536938,-2.9113493,-8.624513,3.6768951000000003,0.16085494,0.00958738,0.037284255,-17.64,48.96,14.34
1554107536958,-2.930503,-8.471283999999999,3.7726634,0.18109496,0.008522116,0.043675844000000005,-17.64,48.96,14.22
1554107536979,-2.8443117,-8.461707,3.7870286,0.20453078,0.004261058,0.05219796,-17.58,48.96,14.1
1554107536999,-2.9017725,-8.332419999999999,3.7582982000000005,0.20559604,-0.0031957934000000003,0.05539375,-17.52,48.96,14.1
1554107537018,-2.954445,-8.313267,3.8157589999999995,0.20559604,-0.007456851,0.047936900000000005,-17.52,48.96,14.1
1554107537039,-2.944868,-8.337209,3.8349125,0.20985709,-0.0063915867,0.046871635999999994,-17.46,48.96,14.1
1554107537059,-2.944868,-8.193557,3.8253357000000006,0.18642128,-0.010652645,0.049002163,-17.46,49.02,14.1
1554107537078,-3.122039,-8.15525,3.696049,0.15020229,-0.0053263223,0.053263225,-17.4,49.02,14.04
1554107537099,-3.0741549999999997,-8.227076,3.614646,0.10013486,0.0053263223,0.05219796,-17.34,49.08,13.92
1554107537118,-3.1076740000000003,-8.15525,3.5523968,0.039414786,0.010652645,0.06178534,-17.34,49.14,13.86
1554107537138,-3.1076740000000003,-8.179192,3.6433763999999997,-0.025566347000000003,0.020240024,0.06924219,-17.34,49.26,13.8
1554107537158,-3.1028854999999997,-8.270171000000001,3.566762,-0.060720075,0.018109497,0.068176925,-17.34,49.38,13.68
1554107537179,-3.193865,-8.246229,3.7726634,-0.05752428,0.013848438000000001,0.056459017,-17.28,49.44,13.56
1554107537199,-3.1316159,-8.27496,3.7487214,-0.039414786,-0.007456851,0.058589544,-17.34,49.56,13.5
1554107537219,-3.1411927000000004,-8.399458000000001,3.8780080999999997,-0.018109497,-0.026631612000000002,0.05752428,-17.34,49.74,13.38
1554107537239,-3.0789435000000003,-8.332419999999999,3.8588544999999996,-0.0053263223,-0.043675844000000005,0.06178534,-17.28,49.86,13.32
1554107537259,-3.0741549999999997,-8.313267,3.767875,0.011717908999999999,-0.05965481,0.058589544,-17.22,49.98,13.32
1554107537278,-3.0597897,-8.456919000000001,3.7343562000000006,0.03834952,-0.07243799,0.054328485999999995,-17.16,50.1,13.32
1554107537299,-3.098097,-8.222287,3.8732197,0.08841695,-0.084155895,0.05219796,-17.1,50.04,13.32
1554107537319,-3.1316159,-8.294113000000001,3.8971617,0.12250541,-0.07669904,0.04474111,-16.98,50.04,13.32
1554107537338,-3.1603463,-8.327632000000001,3.9594111000000005,0.12357068,-0.06285059999999999,0.05219796,-16.92,50.04,13.32
1554107537358,-3.122039,-8.222287,4.0503907,0.1107875,-0.049002163,0.05965481,-16.8,50.04,13.32
1554107537379,-3.1986535,-8.332419999999999,3.9881415000000002,0.07989483,-0.024501082,0.06711166,-16.68,49.98,13.32
1554107537399,-3.1986535,-8.409035000000001,4.007295,0.05006743,-0.004261058,0.08522116,-16.56,49.98,13.26
1554107537424,-3.2800562000000006,-8.346786,4.0934862999999995,0.035153727999999995,0.018109497,0.11717909,-16.5,49.92,13.2
1554107537439,-3.394978,-8.30369,4.160524,0.040480047000000005,0.027696876000000002,0.13209279,-16.44,49.92,13.14
1554107537459,-3.4189199999999995,-8.461707,4.23235,0.06178534,0.035153727999999995,0.14594123,-16.32,49.98,13.08
1554107537478,-3.490746,-8.45213,4.256292,0.12996227,0.040480047000000005,0.17896444,-16.26,49.98,13.02
1554107537499,-3.5577837999999997,-8.351574000000001,4.4382515,0.20453078,0.039414786,0.20026971,-16.2,49.98,12.96
1554107537519,-3.5338415999999997,-8.370728,4.7542860000000005,0.28549087,0.051132694000000006,0.22796659,-16.14,49.92,12.9
1554107537539,-3.5290532,-8.528744999999999,4.7734394,0.46339005,0.06498113,0.23861924,-16.02,49.92,12.9
1554107537558,-3.5577837999999997,-8.413822999999999,4.9841294000000005,0.7073356,0.07669904,0.24820662,-15.96,49.92,12.9
1554107537579,-3.5673605999999998,-8.308478,5.113416,0.92464954,0.09587380000000001,0.26844665,-15.84,49.92,12.84
1554107537599,-3.5194763999999994,-8.040328,5.0942625999999995,1.1206582,0.10759171,0.2695119,-15.72,49.98,12.84
1554107537618,-3.5865142,-7.781753999999999,4.9984946,1.2719258,0.11504856,0.25566345,-15.48,50.04,12.78
1554107537640,-3.5529952000000007,-7.475296000000001,5.137358,1.3699301000000002,0.12783173,0.24607609,-15.24,50.28,12.54
1554107537659,-3.6679169999999996,-7.154473299999999,5.3863554,1.4370418,0.13741912,0.23116238,-15.06,50.52,12.12
1554107537679,-3.7732617999999993,-7.015609700000001,5.209184,1.4658038999999998,0.14168017,0.23435818,-14.88,50.82,11.58
1554107537698,-3.739743,-6.6516910000000005,5.395932,1.4370418,0.15765914,0.24394555,-14.7,51.24,10.86
1554107537718,-3.9695864000000003,-6.4936733,5.295376,1.2953615,0.17896444,0.24607609,-14.46,51.9,9.6
1554107537739,-4.0940847,-6.4457892999999995,5.549161,1.2144015,0.19920446,0.24501082,-14.4,52.2,9.18
1554107537759,-4.209007,-6.464943,5.817312,1.1558118999999998,0.22690132,0.24607609,-14.22,52.8,8.34
1554107537779,-4.4005427,-6.259042,5.9801173,1.1206582,0.24927188,0.25033715,-14.1,53.58,6.96
1554107537798,-4.4675803,-6.057929,5.8604074,1.0727214,0.257794,0.25246766,-14.1,53.76,6.54
1554107537818,-4.5154643,-5.8185085999999995,6.1333459999999995,0.9374326999999999,0.26738137,0.27696875,-13.86,54.36,5.22
1554107537839,-4.611232299999999,-5.66528,6.305729,0.850081,0.2695119,0.2876214,-13.68,54.72,4.44
1554107537859,-4.606444000000001,-5.5647235,6.4398040000000005,0.78723043,0.25885928,0.31638354,-13.5,54.96,3.66
1554107537879,-4.6591167,-5.282207499999999,6.4876879999999995,0.71159667,0.2428803,0.35792887,-13.2,55.14,3.0
1554107537899,-4.7261543,-5.2008047,6.5164184999999994,0.64341974,0.23542345,0.38136467,-13.02,55.26,2.34
1554107537919,-4.9464207,-5.105036699999999,6.5212069999999995,0.51026165,0.23435818,0.4250405,-12.78,55.26,1.68
1554107537938,-4.9943047,-5.253476999999999,6.765415700000001,0.41758367,0.25246766,0.47297743,-12.48,55.32,1.02
1554107537958,-5.2241483,-5.191228,6.717531,0.32597092,0.27164245,0.5390238,-12.24,55.32,0.48
1554107537979,-5.3390699999999995,-5.119402,6.870760400000001,0.22690132,0.294013,0.608266,-12.0,55.38,0.0
1554107537998,-5.430049400000001,-5.0763063,6.8372416,0.1107875,0.33768883,0.6743124,-11.76,55.38,-0.36
1554107538018,-5.659893,-5.061941,7.023989,0.04261058,0.386691,0.737163,-11.52,55.38,-0.72
1554107538039,-5.8322754,-5.1241902999999995,7.071872999999999,0.06391586,0.4261058,0.80747044,-11.34,55.38,-1.02
1554107538059,-5.861006,-4.7985787,7.239467599999999,0.165116,0.45060685,0.8692558000000001,-11.04,55.38,-1.32
1554107538078,-5.9041014,-4.6980224,7.114969,0.257794,0.47191215,0.9267801,-10.5,55.32,-1.5
1554107538099,-6.1100025,-4.3676224,7.038354400000001,0.34408042,0.49108690000000005,0.99708754,-10.02,55.26,-1.62
1554107538118,-6.0285997,-4.0372224,6.9521630000000005,0.4314321,0.5091964,1.026915,-9.48,55.14,-1.62
1554107538138,-6.100425700000001,-4.018069000000001,6.9808936,0.5486112,0.5187838,1.0503508,-8.94,54.96,-1.68
1554107538158,-6.2105594,-3.8839936,6.899491,0.67537767,0.5219796,1.0705907,-8.28,54.6,-1.62
1554107538178,-6.3446345,-3.3476925000000004,6.602609599999999,0.78296936,0.5230448000000001,1.0780476,-7.5,54.12,-1.62
1554107538199,-6.2105594,-2.8832173,6.39192,0.8426242,0.52837116,1.0695255,-6.66,53.64,-1.62
1554107538218,-6.253655,-2.60549,6.4781113,0.9139969000000001,0.54648066,1.0439591000000001,-5.82,53.22,-1.8
1554107538239,-6.3589997,-2.4474726,6.3488245,1.0173275,0.5656554,1.0024139,-5.28,52.8,-1.98
1554107538258,-6.4068837,-2.0979192,6.06152,1.1025486999999998,0.572047,0.96619487,-4.62,52.32,-2.16
1554107538279,-6.497863300000001,-1.5520413,5.8221,1.0833739,0.58483016,0.9235843,-3.9,51.72,-2.4
1554107538299,-6.7516490000000005,-1.4706384,5.7502737,1.0173275,0.58696073,0.8628642,-3.3,51.18,-2.64
1554107538319,-6.823475,-1.1162965,5.4917,0.8852348,0.5752428,0.8341021000000001,-2.7,50.82,-2.94
1554107538338,-6.9144545,-0.99179804,5.4102974,0.76272935,0.5752428,0.79681784,-2.28,50.58,-3.3
1554107538358,-7.038953,-0.8146270999999999,5.319318,0.67218184,0.567786,0.7584683000000001,-1.86,50.28,-3.66
1554107538379,-7.110779300000001,-0.6135142,5.242703,0.6242449999999999,0.56459016,0.73609775,-1.32,49.92,-3.96
1554107538399,-7.134721300000001,-0.55126494,5.1613,0.6114618,0.55074173,0.6956177,-0.78,49.5,-4.26
1554107538418,-7.144297999999999,-0.29747957,5.060744000000001,0.60507023,0.53263223,0.6540724,-0.18,49.14,-4.56
1554107538438,-7.2448545,-0.29269117,4.979341000000001,0.6040049,0.51452273,0.6125271,0.24,48.78,-4.92
1554107538459,-7.445967,-0.110731825,4.8787847,0.59122175,0.48682585,0.5656554,0.72,48.3,-5.28
1554107538478,-7.522581599999999,0.20051439,4.5483847,0.58056915,0.45806372,0.52411014,1.38,47.7,-5.58
1554107538499,-7.5561004,0.45429978,4.6202106,0.54435015,0.41758367,0.49641323,1.98,47.1,-5.76
1554107538519,-7.6710224,0.65541273,4.6537294000000005,0.49108690000000005,0.39414784,0.45380265,2.58,46.62,-5.94
1554107538538,-7.699753,0.6123171,4.56275,0.42397526,0.36325517,0.43569317,2.94,46.08,-6.06
1554107538558,-7.8146744,0.6314706999999999,4.821324,0.41971418,0.32490566,0.39627838,3.3,45.66,-6.18
1554107538579,-7.8577699999999995,0.7799111999999999,4.6393642,0.45060685,0.2876214,0.35792887,3.54,45.24,-6.24
1554107538599,-7.9008656,0.83737206,4.601057,0.48043427,0.26525086,0.33662358,3.78,44.94,-6.24
1554107538618,-8.101977999999999,1.1821371,4.706402,0.47723848,0.23009712,0.30679616,4.14,44.7,-6.3
1554107538638,-8.0445175,1.1725603,4.6537294000000005,0.45167214,0.22477080000000002,0.2908172,4.2,44.64,-6.3
1554107538659,-8.082825,1.3545196000000002,4.8021703,0.38775626,0.21518342,0.27164245,4.32,44.34,-6.42
1554107538679,-8.1881695,1.2443863000000002,4.8787847,0.35473305,0.20133498,0.2790993,4.5,43.98,-6.48
1554107538699,-8.09719,1.5077485000000002,4.6920366,0.31851408,0.19174760000000002,0.27483824,4.62,43.56,-6.6
1554107538719,-8.087613000000001,1.7902644,4.672883000000001,0.2545982,0.18855181,0.26844665,4.86,43.14,-6.66
1554107538739,-8.082825,1.905186,4.8739963,0.15339808,0.18109496,0.23968449999999997,5.1,42.72,-6.78
1554107538759,-8.006210000000001,1.8381484000000001,4.6633059999999995,0.053263225,0.17257284,0.19281286,5.4,42.36,-6.84
1554107538779,-8.121132000000001,1.8620903000000002,4.5483847,-0.020240024,0.16831179,0.16298546,5.58,42.0,-6.96
1554107538798,-7.972691499999999,1.7902644,4.6920366,-0.06285059999999999,0.16831179,0.14807177,5.82,41.7,-7.02
1554107538818,-7.963114699999999,1.38325,4.7830167,-0.06498113,0.17150758,0.12783173,6.06,41.46,-7.08
1554107538839,-8.149861999999999,1.3784616000000003,4.8739963,0.0010652645,0.14274544,0.12144015,6.24,41.34,-7.14
1554107538859,-8.111555000000001,1.6897078999999997,4.5723267,0.06604639400000001,0.098004326,0.11504856,6.48,41.28,-7.14
1554107538878,-7.881711999999999,2.1637597,4.490924,0.10652645,0.040480047000000005,0.068176925,6.6,41.22,-7.2
1554107538898,-7.9343843,1.7567455,4.3999443,0.16085494,-0.00958738,-0.008522116,6.66,41.16,-7.2
1554107538918,-8.025364,1.4598645000000001,4.500500700000001,0.12463594,-0.00958738,-0.015978966,6.66,41.04,-7.2
1554107538938,-8.130709,1.4885948999999998,4.835689,0.083090626,0.0053263223,0.0031957934000000003,6.72,40.98,-7.2
1554107538959,-8.283937,1.5939398,4.979341000000001,0.010652645,-0.020240024,-0.00958738,6.78,40.86,-7.2
1554107538979,-7.963114699999999,1.8668787,4.3903675,0.029827405,-0.07563378,-0.039414786,6.84,40.8,-7.2
1554107538999,-8.054094000000001,2.0201077,4.0695443,0.018109497,-0.10333065,-0.046871635999999994,6.9,40.68,-7.2
1554107539018,-8.298303,1.5699978,4.601057,-0.08948222,-0.056459017,-0.036218993,6.96,40.56,-7.2
1554107539038,-8.034941,1.3784616000000003,4.7016134,-0.128897,-0.02876214,-0.01917476,7.02,40.44,-7.14
1554107539059,-8.063671000000001,1.5939398,4.8404775,-0.12463594,-0.040480047000000005,-0.047936900000000005,7.08,40.38,-7.14
1554107539079,-8.073248,1.5652093999999999,4.5340195,-0.11611383,-0.04474111,-0.051132694000000006,7.08,40.32,-7.14
1554107539099,-8.154651,1.9387047999999998,5.0224366,-0.15020229,-0.018109497,-0.037284255,7.14,40.26,-7.14
1554107539120,-8.025364,2.2643162999999995,4.11264,-0.05219796,-0.05219796,-0.098004326,7.14,40.26,-7.14
1554107539139,-8.020576,2.0632033,3.9546227,-0.2695119,-0.05965481,-0.13528858,7.14,40.2,-7.2
1554107539159,-7.881711999999999,1.7423803,4.337695,-0.46232477,-0.06178534,-0.18429075,7.08,40.2,-7.2
1554107539179,-7.738060000000001,1.4024036,4.5435963,-0.45912898,-0.101200126,-0.21092236,7.08,40.2,-7.2
1554107539201,-7.61835,1.3545196000000002,4.68246,-0.28868666,-0.15233281,-0.25992453,7.02,40.26,-7.2
1554107539219,-7.61835,1.4263457,4.4286747,-0.128897,-0.23116238,-0.3206446,7.02,40.32,-7.2
1554107539239,-7.3789296,1.881244,4.1222167,-0.18855181,-0.32597092,-0.35899413,6.96,40.32,-7.2
1554107539259,-7.2640080000000005,1.8525136000000002,3.9594111000000005,-0.44741106,-0.38562572,-0.44528055,6.9,40.38,-7.2
1554107539279,-7.177817,1.4838065,4.1892543,-0.6679208000000001,-0.43462790000000007,-0.57098174,6.84,40.44,-7.2
1554107539298,-6.828263300000001,1.1965023000000001,4.5196543,-0.69668293,-0.4878911,-0.7041398,6.78,40.56,-7.14
1554107539318,-6.4499793,1.0289081,4.466982,-0.5656554,-0.56459016,-0.8543421,6.72,40.74,-7.02
1554107539339,-6.3925184999999995,0.97144735,3.9115269999999995,-0.5901565,-0.6785734,-1.0301107,6.42,41.1,-6.84
1554107539359,-6.2967505,1.0576386,3.8349125,-0.69987875,-0.82557994,-1.196292,6.12,41.46,-6.72
1554107539378,-5.851429,0.28670564,3.7056258,-0.84688526,-0.9683254000000001,-1.3954965,5.82,41.94,-6.6
1554107539398,-5.659893,-0.24959552,3.9594111000000005,-1.0791129,-1.0940266,-1.5361114,5.4,42.42,-6.48
1554107539419,-5.779603,-0.6278794,3.7152026,-1.220793,-1.2548815,-1.6660736,4.92,42.96,-6.36
1554107539438,-5.7700260000000005,-0.95349085,3.3800142,-1.4370418,-1.3805827,-1.7555558999999998,4.68,43.32,-6.36
1554107539459,-5.1379566,-1.6765398,4.447828299999999,-2.0421119,-1.5456988,-1.865278,3.66,44.52,-6.3
1554107539479,-4.855441000000001,-1.8680758000000002,5.089474,-2.352104,-1.5861788,-1.9345202000000001,2.82,45.48,-6.3
1554107539498,-4.6399627,-2.5384523999999997,5.099051,-2.3339944,-1.6202673,-2.1422467,1.8,46.5,-6.12
1554107539518,-4.4675803,-3.1800982999999996,4.969764,-2.2913837000000004,-1.6287893,-2.3009713,0.78,47.4,-5.82
1554107539539,-4.0509889999999995,-4.377199,4.854842700000001,-2.3744745,-1.6543556000000001,-2.385127,-0.3,48.3,-5.28
1554107539558,-3.6870705999999998,-4.6884456,5.7119665,-2.5449168999999996,-1.6447683999999998,-2.4000409,-0.84,48.78,-4.98
1554107539579,-3.2082303,-5.607819,6.229114,-2.6354642000000004,-1.5659386999999998,-2.489523,-2.58,50.16,-3.78
1554107539600,-2.9161377,-6.5271926,5.692813,-2.670618,-1.4604776000000002,-2.538525,-4.08,51.12,-2.82
1554107539618,-2.4708161,-7.2454529999999995,6.0088477,-2.6695528,-1.2996226999999998,-2.5331987999999996,-5.46,51.96,-1.5
1554107539639,-2.0302830000000003,-8.298902,5.8891377,-2.5779400000000003,-1.1707256000000001,-2.5736790000000003,-6.9,52.68,-0.12
1554107539658,-1.5993267,-9.1272955,6.2339025,-2.4639566000000004,-1.019458,-2.582201,-8.34,53.28,1.2
1554107539678,-1.4030021000000001,-9.596559,5.7502737,-2.2892532,-0.8692558000000001,-2.541721,-9.84,53.82,2.4
1554107539699,-1.3072342,-9.610924,5.4342394,-2.0804615,-0.72651035,-2.4650217999999997,-11.4,54.12,3.54
1554107539718,-0.93852705,-9.931747,4.7303440000000005,-1.8823223000000002,-0.59761333,-2.4181504,-13.02,54.36,4.86
1554107539738,-0.40701428,-10.506355000000001,4.3807906999999995,-1.9409119,-0.48043427,-2.2860575,-14.64,54.3,6.24
1554107539759,0.047884032,-11.200674000000001,3.9163153,-2.0335898,-0.40373522,-2.1497037,-15.96,53.94,7.62
1554107539779,0.16759412,-11.080964,4.117428299999999,-2.005893,-0.3323625,-2.0271983000000002,-17.28,53.16,8.82
1554107539798,0.4405331,-11.588534,3.2411506,-1.8216022,-0.24820662,-1.9206718,-18.48,52.14,10.08
1554107539819,0.8379706,-12.105682,3.3560722000000003,-1.6213325,-0.13848437,-1.6873789000000001,-19.56,50.94,11.4
1554107539838,1.0726023999999998,-12.622829,3.3991678,-1.2815131000000002,-0.10333065,-1.5968314,-20.7,49.68,12.78
1554107539858,1.163582,-12.349891,3.3800142,-0.6870956,-0.096939065,-1.4455639,-21.84,48.24,14.1
1554107539878,1.2545617,-12.067375,2.9059622000000003,-0.1949434,-0.07776430000000001,-1.2335763000000002,-22.92,46.86,15.24
1554107539899,1.3790601,-11.90457,2.4462755,0.033023197000000004,-0.06178534,-0.96086854,-23.94,45.54,16.08
1554107539919,1.2641385,-11.746552000000001,2.202067,-0.0010652645,-0.05539375,-0.7456851,-24.96,44.4,16.74
1554107539938,1.3934253,-11.468824,2.168548,-0.12570119999999999,-0.046871635999999994,-0.54435015,-25.86,43.5,17.34
1554107539958,1.1587936,-11.191097000000001,2.082357,-0.24074976,-0.035153727999999995,-0.37923414,-26.7,42.78,17.7
1554107539979,1.0534488000000002,-10.707469,2.1924900000000003,-0.30786142,-0.018109497,-0.24181503,-27.3,42.24,17.94
1554107539999,1.0630256,-10.5207205,2.355296,-0.33129725,0.0053263223,-0.11930962,-27.72,41.82,18.12
1554107540019,1.1204863999999999,-10.4010105,2.379238,-0.23542345,0.037284255,-0.024501082,-28.08,41.52,18.18
1554107540038,1.1156979999999999,-10.338761,2.345719,-0.040480047000000005,0.07882957,0.054328485999999995,-28.32,41.28,18.18
1554107540059,1.2306197,-10.242992999999998,2.2643162999999995,0.1107875,0.11504856,0.128897,-28.5,41.04,18.18
1554107540079,1.4077905000000002,-10.166379,1.9339164,0.13528858,0.15765914,0.17896444,-28.68,40.8,18.12
1554107540099,1.4939818,-10.123283,1.9003976999999999,0.056459017,0.18002969,0.22264028,-28.8,40.62,18.12
1554107540119,1.6089035,-10.113707000000002,1.977012,-0.06285059999999999,0.1949434,0.26631612,-28.86,40.44,18.06
1554107540138,1.6663644,-10.180744,1.8860323,-0.15765914,0.19281286,0.29507825,-28.92,40.26,18.0
1554107540158,1.8579005000000002,-10.233417,1.8285716,-0.23755397,0.19387813,0.3334278,-28.98,40.14,17.94
1554107540179,2.0207062,-10.061034,1.7758990000000001,-0.294013,0.18429075,0.3536678,-28.98,40.08,17.94
1554107540199,1.9488802,-9.768942,1.8285716,-0.3174488,0.16724652,0.36325517,-28.92,40.08,18.0
1554107540219,1.9201498,-9.481637,2.0536265,-0.30146983,0.14594123,0.37071204,-28.8,40.08,18.12
1554107540238,1.7238252,-9.055469500000001,2.2307975,-0.22264028,0.11930962,0.36964676,-28.68,40.08,18.18
1554107540259,1.4413095,-8.873510000000001,2.0775685,-0.12250541,0.082025364,0.35792887,-28.56,40.02,18.3
1554107540278,1.5131354,-8.533533,2.1158757,-0.023435817999999997,0.046871635999999994,0.32384038,-28.44,40.02,18.42
1554107540298,1.5227122,-8.54311,1.8333599999999999,0.058589544,0.020240024,0.2790993,-28.38,39.96,18.6
1554107540319,1.4030021000000001,-8.337209,1.857302,0.12037488,0.002130529,0.20559604,-28.2,39.9,18.78
1554107540339,1.316811,-8.145673,1.7328035,0.14594123,-0.014913702,0.14274544,-28.14,39.9,18.84
1554107540358,1.2689268999999999,-8.179192,1.5891514,0.1587244,-0.034088463,0.06498113,-27.96,39.84,18.9
1554107540379,1.4556746,-8.193557,1.5556326,0.12996227,-0.051132694000000006,-0.035153727999999995,-27.72,39.78,18.84
1554107540399,1.5610195,-8.193557,1.7280151000000001,0.058589544,-0.03834952,-0.080960095,-27.6,39.78,18.84
1554107540418,1.6519991000000003,-8.327632000000001,1.5891514,0.01917476,-0.004261058,-0.10972224,-27.48,39.84,18.78
1554107540439,1.6759412,-8.370728,1.6897078999999997,-0.015978966,0.039414786,-0.10652645,-27.36,39.78,18.66
1554107540458,1.6280571000000001,-8.456919000000001,1.9339164,-0.040480047000000005,0.07882957,-0.1107875,-27.24,39.84,18.6
1554107540479,1.3934253,-8.643666,1.9243397,-0.07563378,0.11504856,-0.11717909,-27.24,39.84,18.54
1554107540499,1.3694833999999998,-8.911817999999998,2.154183,-0.096939065,0.14594123,-0.12570119999999999,-27.24,39.84,18.42
1554107540518,1.4604629999999998,-9.385869,2.556409,-0.037284255,0.17150758,-0.15978967,-27.3,39.84,18.36
1554107540540,1.3982137,-9.812037,2.5228900000000003,0.12783173,0.20026971,-0.221575,-27.36,39.84,18.3
1554107540559,1.4030021000000001,-9.98442,2.570774,0.25033715,0.221575,-0.27483824,-27.36,39.84,18.3
1554107540578,1.4939818,-10.094553,2.5133132999999996,0.26631612,0.23435818,-0.30679616,-27.42,39.84,18.3
1554107540599,1.283292,-10.113707000000002,2.441487,0.12676647,0.23116238,-0.38136467,-27.36,39.84,18.3
1554107540618,1.1492168,-10.037092,2.6138697,-0.047936900000000005,0.221575,-0.39308259999999995,-27.42,39.84,18.24
1554107540638,0.92895025,-9.993997,2.6952724,-0.27483824,0.21198763,-0.37923414,-27.54,39.84,18.24
1554107540659,0.81881696,-10.128072,2.8293478,-0.38456047,0.22796659,-0.35260254,-27.72,39.78,18.18
1554107540679,0.63206923,-10.118495,2.867655,-0.32810146,0.25672874,-0.30466563,-28.02,39.78,18.18
1554107540698,0.59855044,-9.888652,2.6856956000000003,-0.17363810000000002,0.29294774,-0.23222765,-28.26,39.78,18.12
1554107540718,0.47884035,-9.505579,2.1637597,-0.03089267,0.34088463,-0.15020229,-28.5,39.72,18.12
1554107540739,0.46447513,-9.20391,1.9003976999999999,-0.0063915867,0.34727620000000003,-0.10333065,-28.8,39.6,18.06
1554107540759,0.58897364,-9.088988,1.6370354,-0.053263225,0.33768883,-0.06391586,-29.04,39.48,18.06
1554107540778,0.5793968,-9.041103999999999,1.5652093999999999,-0.12357068,0.31105720000000003,-0.040480047000000005,-29.34,39.3,18.06
1554107540798,0.82360536,-9.050680999999999,1.6035166,-0.18855181,0.2727077,-0.040480047000000005,-29.46,39.18,18.06
1554107540819,0.9672575000000001,-9.270947,1.6753427,-0.21837921,0.24820662,-0.06711166,-29.52,39.0,18.06
1554107540838,1.1779473,-9.32362,1.5269021,-0.22050974,0.22050974,-0.09267801,-29.58,38.76,18.06
1554107540859,1.3215994,-9.328408,1.5556326,-0.20026971,0.18642128,-0.11611383,-29.7,38.52,18.06
1554107540879,1.4796166000000002,-9.371504,1.7328035,-0.19920446,0.1438107,-0.14594123,-29.82,38.28,18.06
1554107540898,1.484405,-9.510367,1.8046296000000002,-0.23435818,0.084155895,-0.17044231,-30.0,38.16,18.06
1554107540919,1.5610195,-9.721058,1.9626468000000001,-0.2609898,0.015978966,-0.18109496,-30.12,38.04,18.06
1554107540939,1.6089035,-9.797672,2.1877017000000003,-0.26205507,-0.053263225,-0.19174760000000002,-30.36,37.86,18.12
1554107540958,1.6280571000000001,-9.86471,2.2691047,-0.21837921,-0.10333065,-0.20453078,-30.54,37.68,18.12
1554107540978,1.7190368000000003,-9.993997,2.6856956000000003,-0.13209279,-0.14913702,-0.20240025,-30.72,37.38,18.12
1554107540999,1.6998832,-10.046669,2.6569653,0.017044231,-0.16618125,-0.19281286,-30.84,37.14,18.18
1554107541018,1.6903063999999999,-9.778519000000001,2.7623102999999998,0.18002969,-0.15446335,-0.17896444,-30.96,36.9,18.18
1554107541039,1.6711528000000002,-9.706693,2.4941597,0.28549087,-0.11611383,-0.17470337,-31.02,36.72,18.24
1554107541060,1.5849615,-9.519944,2.3744495,0.34621096,-0.06391586,-0.17789917,-31.08,36.48,18.24
1554107541079,1.4604629999999998,-9.357139,2.321777,0.35153726,-0.017044231,-0.17576863,-31.2,36.3,18.3
1554107541099,1.3934253,-9.132083999999999,2.0967221,0.27696875,0.03195793,-0.17789917,-31.2,36.12,18.36
1554107541118,1.4173675,-9.11293,2.0392613,0.20772657,0.049002163,-0.18109496,-31.2,36.06,18.36
1554107541138,1.3694833999999998,-9.223063,2.0488381,0.1438107,0.05965481,-0.18109496,-31.26,36.06,18.36
1554107541159,1.5849615,-9.266159,2.0727801,0.16298546,0.05752428,-0.18855181,-31.26,36.12,18.36
1554107541179,1.5514427,-9.213486999999999,1.8908207,0.221575,0.05752428,-0.19813919,-31.32,36.18,18.42
1554107541198,1.5610195,-9.199121,1.6178818000000001,0.23222765,0.046871635999999994,-0.2066613,-31.32,36.3,18.42
1554107541218,1.6567876,-9.419388,1.5939398,0.14807177,0.03089267,-0.18961707,-31.32,36.3,18.36
1554107541239,1.7477672,-9.606135,1.7950528000000001,0.054328485999999995,0.008522116,-0.16085494,-31.38,36.36,18.3
1554107541258,1.7429788,-9.625289,2.0105310000000003,-0.015978966,-0.0010652645,-0.12144015,-31.5,36.42,18.24
1554107541278,1.8483237000000001,-9.649231,2.0440497,-0.0053263223,-0.0010652645,-0.07882957,-31.56,36.48,18.06
1554107541299,1.8291701,-9.438541,1.9339164,0.07243799,0.0053263223,-0.04474111,-31.62,36.48,17.88
1554107541319,1.7669207999999998,-9.385869,2.0679917000000003,0.15552860000000002,0.026631612000000002,-0.011717908999999999,-31.74,36.6,17.7
1554107541339,1.6903063999999999,-9.223063,1.9243397,0.16618125,0.040480047000000005,0.01917476,-31.86,36.66,17.52
1554107541359,1.6711528000000002,-9.041103999999999,1.9434932,0.128897,0.05219796,0.041545313,-32.04,36.72,17.28
1554107541378,1.5801731,-9.050680999999999,1.809418,0.07882957,0.06391586,0.058589544,-32.22,36.78,17.1
1554107541398,1.6807296000000003,-9.045893,1.9626468000000001,0.039414786,0.07030745599999999,0.07030745599999999,-32.34,36.78,16.98
1554107541419,1.6567876,-9.055469500000001,1.9434932,-0.0031957934000000003,0.07137272,0.07563378,-32.46,36.84,16.8
1554107541439,1.6663644,-9.184756,2.0536265,-0.040480047000000005,0.060720075,0.083090626,-32.52,36.9,16.74
1554107541459,1.6903063999999999,-9.189544999999999,2.168548,-0.040480047000000005,0.05219796,0.07882957,-32.58,36.96,16.74
1554107541479,1.7046716,-9.280524,2.498948,-0.027696876000000002,0.04261058,0.07882957,-32.58,37.02,16.68
1554107541499,1.661576,-9.381081,2.4702177000000005,0.011717908999999999,0.03195793,0.082025364,-32.52,37.14,16.62
1554107541519,1.685518,-9.390657000000001,2.6042929,0.026631612000000002,0.025566347000000003,0.08841695,-32.4,37.26,16.62
1554107541539,1.7525556,-9.371504,2.6761188999999996,0.04474111,0.017044231,0.08841695,-32.28,37.38,16.62
1554107541558,1.7094599999999998,-9.294889,2.7240029999999997,0.05539375,0.015978966,0.094808534,-32.22,37.5,16.62
1554107541578,1.7381904,-9.381081,2.7144263,0.080960095,0.014913702,0.10439592,-32.16,37.62,16.68
1554107541598,1.8100165000000001,-9.462483,2.9442697,0.1438107,0.033023197000000004,0.11824436,-32.1,37.68,16.68
1554107541619,1.8100165000000001,-9.337985,3.044826,0.22796659,0.04580637,0.11824436,-32.04,37.8,16.74
1554107541638,1.7094599999999998,-9.223063,3.1405939999999997,0.30146983,0.06924219,0.11611383,-31.98,37.86,16.74
1554107541658,1.6136919,-9.208698,2.9825767999999995,0.3536678,0.09054748,0.10652645,-31.98,37.92,16.74
1554107541679,1.5897499,-9.1033535,3.068768,0.38456047,0.112918034,0.09587380000000001,-31.98,37.98,16.74
1554107541699,1.4891934,-8.96449,3.0735563999999997,0.36645097,0.13209279,0.08522116,-31.98,38.04,16.62
1554107541718,1.3120226000000001,-9.012374000000001,2.9394810000000002,0.31212249999999997,0.15020229,0.07456851,-31.92,38.1,16.5
1554107541738,1.2593501,-8.969278,2.7910407000000004,0.24394555,0.16831179,0.06285059999999999,-31.86,38.16,16.32
1554107541759,1.0390834999999998,-9.093777000000001,2.9586349,0.18535602,0.18216023,0.054328485999999995,-31.8,38.28,16.08
1554107541779,0.94331545,-9.088988,2.8772318,0.14913702,0.19600865,0.047936900000000005,-31.74,38.46,15.9
1554107541799,0.866701,-9.0794115,2.9059622000000003,0.10652645,0.21411815,0.04580637,-31.74,38.7,15.72
1554107541818,0.7326256999999999,-9.069835000000001,2.7335799,0.056459017,0.21518342,0.049002163,-31.68,39.06,15.54
1554107541838,0.59376204,-9.0315275,2.8101943,0.023435817999999997,0.22264028,0.05539375,-31.68,39.48,15.42
1554107541858,0.51235914,-9.11293,2.8101943,0.020240024,0.22264028,0.05965481,-31.62,39.84,15.3
1554107541879,0.49320555,-9.237428999999999,2.8532897999999998,0.03834952,0.221575,0.07669904,-31.62,40.14,15.24
1554107541899,0.5746084,-9.170391,2.6521769,0.05752428,0.20240025,0.094808534,-31.62,40.5,15.18
1554107541918,0.4309563,-9.184756,2.5995044999999997,0.06604639400000001,0.18748654,0.112918034,-31.62,40.8,15.12
1554107541939,0.4405331,-9.242217,2.7287915000000003,0.06604639400000001,0.16618125,0.14061491,-31.68,41.04,15.06
1554107541959,0.58897364,-9.256582,2.6521769,0.06391586,0.14274544,0.15978967,-31.68,41.16,15.0
1554107541979,0.5410896,-9.361927,2.7910407000000004,0.056459017,0.11930962,0.16724652,-31.74,41.16,14.94
1554107541998,0.7757214,-9.414599,2.8389246,0.06498113,0.09054748,0.15765914,-31.74,41.1,14.82
1554107542019,0.6943185000000001,-9.342773,2.7144263,0.07137272,0.08522116,0.13635385,-31.74,41.1,14.82
1554107542039,0.7517793,-9.491214,2.795829,0.04261058,0.07137272,0.10439592,-31.8,41.04,14.76
1554107542059,0.8762778,-9.438541,2.891597,-0.010652645,0.06178534,0.07030745599999999,-31.8,40.98,14.7
1554107542079,0.91458505,-9.342773,2.9730000000000003,-0.080960095,0.043675844000000005,0.043675844000000005,-31.8,40.98,14.7
1554107542099,0.78050977,-9.237428999999999,2.8485014,-0.10439592,0.017044231,0.020240024,-31.8,40.98,14.7
1554107542119,0.7326256999999999,-9.227852,2.9346926,-0.09587380000000001,-0.03089267,0.025566347000000003,-31.8,40.98,14.64
1554107542139,0.63206923,-9.132083999999999,3.0352492,-0.06924219,-0.07882957,0.04580637,-31.8,41.04,14.64
1554107542158,0.62728083,-9.208698,3.2028434,-0.00958738,-0.12144015,0.07563378,-31.8,41.04,14.64
1554107542178,0.7134720999999999,-9.294889,2.9825767999999995,0.10013486,-0.15020229,0.101200126,-31.8,41.04,14.64
1554107542199,0.8571242,-9.361927,3.0304607999999997,0.24501082,-0.1587244,0.12144015,-31.8,41.1,14.64
1554107542219,0.9864110999999999,-9.371504,2.8532897999999998,0.34834146,-0.16085494,0.12676647,-31.8,41.1,14.64
1554107542238,1.2018893,-9.266159,2.7335799,0.31638354,-0.14487597,0.14274544,-31.74,41.16,14.64
1554107542259,1.3263878,-9.179967999999999,2.7862522999999997,0.24501082,-0.10759171,0.1438107,-31.68,41.16,14.58
1554107542278,1.4173675,-9.227852,2.7862522999999997,0.19387813,-0.04474111,0.13635385,-31.56,41.22,14.52
1554107542299,1.3982137,-8.983644,2.8868085999999997,0.17044231,0.03089267,0.12463594,-31.44,41.28,14.46
1554107542318,1.2737153,-8.614936,2.9538465,0.15552860000000002,0.054328485999999995,0.10759171,-31.26,41.4,14.4
1554107542339,1.0103531,-8.385093,3.0400376000000002,0.096939065,0.07882957,0.083090626,-31.14,41.58,14.28
1554107542359,0.8571242,-8.313267,3.1836896,0.034088463,0.068176925,0.05006743,-30.96,41.76,14.22
1554107542378,0.7661445,-8.361151,3.3991678,0.017044231,0.040480047000000005,-0.002130529,-30.78,42.0,14.1
1554107542399,0.7422025,-8.500014,3.2411506,0.039414786,0.012783173500000002,-0.040480047000000005,-30.66,42.18,13.98
1554107542418,0.7182605,-8.5383215,3.317765,0.06391586,-0.0010652645,-0.06711166,-30.48,42.36,13.86
1554107542438,0.78529817,-8.72507,3.3560722000000003,0.080960095,0.0063915867,-0.096939065,-30.42,42.54,13.86
1554107542459,0.8523358,-8.84478,3.2555158,0.056459017,0.043675844000000005,-0.13102753,-30.3,42.66,13.86
1554107542479,0.842759,-8.940548,3.221997,0.002130529,0.096939065,-0.1438107,-30.24,42.72,13.8
1554107542498,0.8331822,-9.160814,3.2267854,-0.05752428,0.14594123,-0.14807177,-30.18,42.72,13.8
1554107542518,0.7422025,-9.251794,3.2794578000000003,-0.094808534,0.19281286,-0.13741912,-30.12,42.72,13.8
1554107542539,0.6847416999999999,-9.194333,3.2507273999999997,-0.08628642,0.23755397,-0.13209279,-30.06,42.78,13.86
1554107542559,0.47884035,-9.223063,3.317765,-0.05539375,0.2695119,-0.11930962,-30.06,42.78,13.86
1554107542581,0.45968673,-9.165602999999999,3.1884782000000005,-0.023435817999999997,0.29294774,-0.11504856,-30.06,42.78,13.8
1554107542599,0.35913026,-9.146449,3.2555158,-0.013848438000000001,0.30892670000000005,-0.10972224,-30.12,42.78,13.8
1554107542619,0.26336220000000005,-9.1033535,3.3273417999999997,-0.010652645,0.30892670000000005,-0.10972224,-30.18,42.84,13.74
1554107542638,0.18195933,-9.108141999999999,3.1453824,-0.024501082,0.3057309,-0.111852765,-30.3,42.84,13.74
1554107542659,0.19632454,-9.165602999999999,3.2746694,-0.03089267,0.29507825,-0.10546118,-30.36,42.84,13.68
1554107542679,0.12449849,-9.294889,3.3129766000000003,-0.007456851,0.28655612,-0.10013486,-30.48,42.84,13.68
1554107542698,0.095768064,-9.146449,3.2890346,0.034088463,0.27057716,-0.096939065,-30.54,42.78,13.62
1554107542718,-0.009576807,-9.270947,3.3704373999999997,0.06178534,0.24714136,-0.094808534,-30.6,42.72,13.5
1554107542739,0.0,-9.266159,3.2411506,0.06498113,0.22370553,-0.09054748,-30.72,42.6,13.44
1554107542759,0.13407529999999998,-9.251794,3.0544027999999996,0.06178534,0.20026971,-0.082025364,-30.84,42.54,13.38
1554107542779,0.06703765,-9.160814,3.0496144,0.058589544,0.17789917,-0.07456851,-31.02,42.48,13.32
1554107542799,-0.02873042,-9.179967999999999,3.2076318,0.036218993,0.1587244,-0.047936900000000005,-31.2,42.36,13.26
1554107542819,-0.023942016,-9.227852,3.1932666000000003,0.015978966,0.14594123,-0.026631612000000002,-31.38,42.3,13.14
1554107542838,-0.0047884034,-9.304466,3.293823,0.027696876000000002,0.1438107,0.002130529,-31.62,42.24,13.02
1554107542858,0.095768064,-9.218275,3.1836896,0.06178534,0.15020229,0.04474111,-31.8,42.18,12.96
1554107542878,0.13407529999999998,-9.0842,3.2028434,0.08841695,0.16085494,0.07882957,-31.98,42.18,12.9
1554107542899,0.06703765,-9.055469500000001,3.2267854,0.07243799,0.17044231,0.113983296,-32.22,42.24,12.84
1554107542918,0.20111294,-8.849568,3.1741127999999996,0.041545313,0.18322548,0.12783173,-32.28,42.24,12.78
1554107542939,0.16280572,-8.878299,3.1405939999999997,0.0010652645,0.19707392,0.13315806,-32.34,42.3,12.66
1554107542958,0.25378537,-8.883087,3.1884782000000005,-0.012783173500000002,0.2066613,0.12676647,-32.34,42.36,12.6
1554107542978,0.22984336,-8.772953999999999,3.2124202,-0.03195793,0.2066613,0.12357068,-32.34,42.42,12.6
1554107542999,0.22505496,-8.892664,3.1693244,-0.06178534,0.18748654,0.101200126,-32.28,42.48,12.48
1554107543019,0.17238252,-8.96449,3.341707,-0.07669904,0.165116,0.07882957,-32.28,42.54,12.42
1554107543038,0.17238252,-8.93576,3.2650926,-0.06498113,0.14274544,0.05752428,-32.28,42.6,12.36
1554107543058,0.11971009,-8.916606,3.4901476000000002,-0.056459017,0.112918034,0.040480047000000005,-32.22,42.6,12.3
1554107543078,0.15801731,-8.954913000000001,3.4566288,-0.05006743,0.08522116,0.023435817999999997,-32.16,42.66,12.18
1554107543099,0.023942016,-8.878299,3.5093012000000003,-0.026631612000000002,0.068176925,0.0010652645,-32.1,42.66,12.18
1554107543118,0.07182605,-9.036316000000001,3.5140896,-0.0010652645,0.058589544,-0.020240024,-32.1,42.66,12.12
1554107543139,-0.01436521,-9.012374000000001,3.5523968,0.01917476,0.047936900000000005,-0.05539375,-31.98,42.72,12.06
1554107543159,-0.095768064,-8.969278,3.3943794,0.02876214,0.03834952,-0.08628642,-31.98,42.72,12.0
1554107543179,-0.31124622,-8.969278,3.3895910000000002,0.024501082,0.024501082,-0.11824436,-31.98,42.78,12.0
1554107543198,-0.34476504,-9.007586,3.4901476000000002,-0.02876214,0.0063915867,-0.1438107,-31.98,42.78,11.94
1554107543219,-0.34476504,-9.132083999999999,3.6002807999999997,-0.046871635999999994,0.0,-0.15552860000000002,-31.98,42.78,11.94
1554107543239,-0.46447513,-9.261371,3.5476084,-0.040480047000000005,-0.013848438000000001,-0.15765914,-32.04,42.78,11.94
1554107543258,-0.37828386,-9.361927,3.6673183,-0.024501082,-0.027696876000000002,-0.14807177,-32.1,42.72,11.94
1554107543278,-0.23463176,-9.481637,3.4518404,0.00958738,-0.05539375,-0.12996227,-32.16,42.66,11.88
1554107543299,-0.3878607,-9.218275,3.365649,0.03834952,-0.06924219,-0.10439592,-32.28,42.6,11.88
1554107543318,-0.2873042,-9.223063,3.3033997999999998,0.06178534,-0.080960095,-0.07563378,-32.34,42.54,11.82
1554107543338,-0.23463176,-9.223063,3.3273417999999997,0.07137272,-0.082025364,-0.040480047000000005,-32.4,42.48,11.82
1554107543358,-0.21547815,-9.017161999999999,3.1836896,0.084155895,-0.07776430000000001,-0.012783173500000002,-32.46,42.42,11.82
1554107543378,-0.21547815,-9.0842,3.3081882000000005,0.07456851,-0.07669904,0.008522116,-32.52,42.36,11.82
1554107543399,-0.17717093,-9.074622999999999,3.2603042,0.060720075,-0.07350325,0.018109497,-32.58,42.36,11.82
1554107543419,-0.11971009,-8.974067,3.2698810000000003,0.046871635999999994,-0.07243799,0.03195793,-32.58,42.3,11.82
1554107543438,-0.038307227,-8.84478,3.341707,0.03195793,-0.06604639400000001,0.040480047000000005,-32.58,42.3,11.88
1554107543458,-0.062249242999999996,-8.930971000000001,3.2650926,0.011717908999999999,-0.05965481,0.043675844000000005,-32.58,42.3,11.88
1554107543479,0.05267244,-9.007586,3.3369186,0.0063915867,-0.051132694000000006,0.049002163,-32.58,42.24,11.88
1554107543498,0.047884032,-8.983644,3.3081882000000005,0.010652645,-0.039414786,0.05539375,-32.52,42.24,11.94
1554107543518,0.15801731,-8.96449,3.5093012000000003,0.010652645,-0.022370555,0.06285059999999999,-32.46,42.24,11.88
1554107543538,0.1436521,-8.988432000000001,3.696049,-0.004261058,-0.002130529,0.07456851,-32.4,42.24,11.88
1554107543559,0.10534488,-8.983644,3.6816837999999996,0.0031957934000000003,0.010652645,0.07989483,-32.34,42.24,11.88
1554107543578,0.19632454,-8.897452000000001,3.3943794,0.018109497,0.020240024,0.06604639400000001,-32.34,42.18,11.94
1554107543598,0.22026655,-8.772953999999999,3.4757824,0.033023197000000004,0.025566347000000003,0.047936900000000005,-32.28,42.24,11.94
1554107543619,0.07182605,-8.744224,3.4231097999999998,0.034088463,0.025566347000000003,0.014913702,-32.22,42.24,11.94
1554107543638,-0.01436521,-8.839992,3.317765,-0.01917476,0.026631612000000002,-0.011717908999999999,-32.16,42.24,12.0
1554107543658,-0.11492168,-8.863934,3.3225534,-0.060720075,0.025566347000000003,-0.022370555,-32.04,42.36,11.94
1554107543679,-0.2825158,-9.012374000000001,3.3464954,-0.068176925,0.027696876000000002,-0.03089267,-31.92,42.48,11.88
1554107543698,-0.30645782,-9.199121,3.54282,-0.06391586,0.025566347000000003,-0.002130529,-31.74,42.72,11.76
1554107543719,-0.30645782,-9.32362,3.3704373999999997,-0.06498113,0.035153727999999995,0.035153727999999995,-31.56,42.9,11.64
1554107543738,-0.30166942,-9.414599,3.4757824,-0.07563378,0.04580637,0.07030745599999999,-31.44,43.02,11.58
1554107543759,-0.30645782,-9.496002,3.470994,-0.06391586,0.06498113,0.10439592,-31.32,43.2,11.52
1554107543778,-0.36391866,-9.385869,3.4326867999999995,-0.040480047000000005,0.08735169,0.13635385,-31.26,43.32,11.46
1554107543799,-0.40222588,-9.309255,3.2363622000000003,-0.047936900000000005,0.10865697,0.16937704,-31.26,43.44,11.58
1554107543818,-0.5267244000000001,-9.275736,3.447052,-0.046871635999999994,0.12037488,0.18642128,-31.32,43.44,11.7
1554107543839,-0.6799533,-9.35235,3.3943794,-0.00958738,0.12463594,0.19707392,-31.38,43.44,11.82
1554107543858,-0.6512229,-9.184756,3.4614172,0.037284255,0.12144015,0.20026971,-31.44,43.44,11.88
1554107543879,-0.5793968,-9.1512375,3.2028434,0.05752428,0.11504856,0.2066613,-31.44,43.38,11.94
1554107543900,-0.6943185000000001,-9.122507,3.4183214,0.053263225,0.1107875,0.21198763,-31.38,43.38,12.0
1554107543918,-0.7517793,-8.998009,3.2986114,0.05539375,0.10652645,0.20772657,-31.32,43.38,12.06
1554107543940,-0.7613561,-9.017161999999999,3.518878,0.09374327,0.09587380000000001,0.20026971,-31.26,43.32,12.06
1554107543958,-0.79008657,-8.863934,3.4326867999999995,0.1470065,0.080960095,0.18642128,-31.14,43.32,12.06
1554107543979,-0.82360536,-8.672397,3.4518404,0.18109496,0.07563378,0.18216023,-31.02,43.26,12.0
1554107543998,-0.8523358,-8.648455,3.4087446000000003,0.19174760000000002,0.06178534,0.16724652,-30.96,43.26,12.0
1554107544019,-0.8810662,-8.653243,3.5236663999999998,0.20559604,0.068176925,0.13954964,-30.78,43.32,11.94
1554107544038,-0.7469909,-8.825626,3.4566288,0.21837921,0.06924219,0.10333065,-30.72,43.38,11.94
1554107544058,-0.770933,-8.84478,3.7008373999999997,0.221575,0.06604639400000001,0.07137272,-30.66,43.5,11.88
1554107544079,-0.8331822,-8.902241,3.696049,0.2428803,0.05752428,0.039414786,-30.6,43.62,11.76
1554107544099,-0.78050977,-8.811261,3.5571851999999997,0.26205507,0.06391586,0.029827405,-30.54,43.8,11.64
1554107544118,-0.79008657,-8.792108,3.4662056000000003,0.221575,0.07137272,0.034088463,-30.48,43.98,11.52
1554107544138,-0.81881696,-8.681973,3.7152026,0.16192019,0.07669904,0.039414786,-30.48,44.22,11.4
1554107544159,-0.80445176,-8.672397,3.6194344,0.06711166,0.082025364,0.05752428,-30.42,44.4,11.28
1554107544179,-0.92895025,-8.658031,3.566762,0.022370555,0.09267801,0.053263225,-30.42,44.58,11.16
1554107544198,-0.8810662,-8.763377,3.5954924,0.026631612000000002,0.099069595,0.04474111,-30.42,44.76,11.04
1554107544218,-1.0151415000000001,-8.696339,3.6242227999999996,0.049002163,0.10652645,0.04261058,-30.42,44.88,10.92
1554107544238,-1.0486604,-8.576628999999999,3.54282,0.051132694000000006,0.10865697,0.036218993,-30.48,45.06,10.74
1554107544259,-1.13964,-8.614936,3.4662056000000003,0.017044231,0.112918034,0.027696876000000002,-30.48,45.12,10.56
1554107544278,-1.1779473,-8.763377,3.4326867999999995,-0.03089267,0.112918034,0.022370555,-30.54,45.24,10.38
1554107544299,-1.0390834999999998,-8.734647,3.4997244,-0.06178534,0.11930962,0.01917476,-30.48,45.3,10.26
1554107544319,-1.2545617,-8.768166,3.4901476000000002,-0.068176925,0.11930962,0.00958738,-30.42,45.36,10.08
1554107544339,-1.1683705,-8.878299,3.5093012000000003,-0.06924219,0.10759171,0.007456851,-30.36,45.48,10.02
1554107544359,-1.1348516000000002,-8.801684,3.6242227999999996,-0.05539375,0.08841695,0.0053263223,-30.3,45.54,9.9
1554107544379,-1.1540052,-8.897452000000001,3.6864722000000003,-0.027696876000000002,0.068176925,-0.0063915867,-30.24,45.6,9.84
1554107544399,-1.1731589,-8.93576,3.5571851999999997,-0.027696876000000002,0.056459017,-0.007456851,-30.18,45.72,9.84
1554107544419,-1.3072342,-8.998009,3.5619736000000004,-0.049002163,0.02876214,-0.007456851,-30.12,45.78,9.84
1554107544438,-1.2066777,-8.883087,3.566762,-0.06391586,0.013848438000000001,-0.008522116,-30.06,45.9,9.9
1554107544459,-1.3599066,-9.017161999999999,3.5236663999999998,-0.051132694000000006,0.0,-0.002130529,-30.06,45.96,9.9
1554107544478,-1.3359646,-9.041103999999999,3.8109705000000003,-0.043675844000000005,-0.007456851,0.017044231,-30.18,45.96,9.9
1554107544498,-1.2976573999999998,-9.045893,3.5763388,-0.022370555,-0.0063915867,0.034088463,-30.18,46.02,9.96
1554107544518,-1.3886370000000001,-9.069835000000001,3.5811272000000005,-0.0063915867,-0.0053263223,0.05219796,-30.24,46.02,9.96
1554107544539,-1.3694833999999998,-9.026739,3.6002807999999997,0.0010652645,-0.007456851,0.06285059999999999,-30.24,46.08,9.9
1554107544558,-1.4269443000000002,-9.0842,3.5715504,0.004261058,-0.008522116,0.07350325,-30.24,46.08,9.9
1554107544579,-1.4173675,-8.911817999999998,3.7630866000000003,0.0053263223,-0.002130529,0.08628642,-30.24,46.08,9.96
1554107544598,-1.436521,-8.916606,3.6816837999999996,0.039414786,0.0063915867,0.09054748,-30.12,46.14,9.96
1554107544618,-1.4460978999999998,-8.892664,3.7870286,0.06391586,0.012783173500000002,0.10013486,-30.12,46.14,9.96
1554107544639,-1.4748282,-9.012374000000001,3.8780080999999997,0.09054748,0.015978966,0.10652645,-30.06,46.14,10.02
1554107544659,-1.3838485,-8.96449,3.8061821000000005,0.09161274,0.01917476,0.111852765,-30.0,46.2,10.08
1554107544678,-1.4652513999999999,-8.839992,3.7630866000000003,0.10759171,0.017044231,0.10972224,-30.0,46.2,10.08
1554107544699,-1.5131354,-8.768166,3.6816837999999996,0.16085494,0.010652645,0.10013486,-29.88,46.26,10.2
1554107544719,-1.4221559,-8.715492999999999,3.9258924,0.19387813,0.00958738,0.09587380000000001,-29.82,46.26,10.26
1554107544739,-1.4987701999999998,-8.768166,3.767875,0.20879184,0.00958738,0.096939065,-29.76,46.32,10.26
1554107544758,-1.4413095,-8.854357,3.8301241000000004,0.2130529,0.017044231,0.094808534,-29.7,46.32,10.32
1554107544779,-1.4413095,-8.681973,3.9833531000000004,0.23648871,0.015978966,0.09374327,-29.64,46.38,10.32
1554107544799,-1.5179238000000002,-8.782531,4.0599675,0.2790993,0.027696876000000002,0.08522116,-29.58,46.38,10.32
1554107544818,-1.5370774999999999,-8.681973,4.11264,0.3057309,0.025566347000000003,0.080960095,-29.58,46.5,10.32
1554107544838,-1.4748282,-8.54311,4.103063,0.31318775,0.029827405,0.07243799,-29.52,46.62,10.26
1554107544858,-1.6232687,-8.480861,4.136582,0.3174488,0.035153727999999995,0.06924219,-29.46,46.8,10.14
1554107544879,-1.6519991000000003,-8.581417,4.3329067000000006,0.3334278,0.043675844000000005,0.06178534,-29.4,46.92,9.96
1554107544899,-1.7094599999999998,-8.576628999999999,4.395156,0.38456047,0.05539375,0.051132694000000006,-29.28,47.1,9.78
1554107544918,-1.7908629,-8.399458000000001,4.3760023,0.45273739999999996,0.07350325,0.04474111,-29.1,47.28,9.6
1554107544939,-1.8674773,-8.519167999999999,4.5435963,0.5070659000000001,0.08628642,0.040480047000000005,-28.98,47.46,9.42
1554107544959,-1.9057846,-8.39467,4.395156,0.5230448000000001,0.101200126,0.04580637,-28.8,47.58,9.24
1554107544979,-1.8579005000000002,-8.581417,4.7159786,0.5411543000000001,0.12357068,0.054328485999999995,-28.62,47.76,8.94
1554107544999,-1.9776106,-8.710705,5.01286,0.628506,0.15020229,0.060720075,-28.5,48.0,8.52
1554107545019,-2.087744,-8.634089,5.3049526,0.75420725,0.17896444,0.083090626,-28.38,48.18,8.16
1554107545038,-2.15957,-8.5143795,5.285799,0.8362325999999999,0.19068234,0.10333065,-28.26,48.36,7.74
1554107545058,-2.255338,-8.57184,5.3815669999999995,0.8969527,0.22050974,0.1470065,-28.2,48.6,7.26
1554107545079,-2.3080103,-8.590994,5.7598505,0.9076053,0.2428803,0.20453078,-28.2,48.84,6.72
1554107545098,-2.4229321,-8.710705,5.9465985,0.9416938,0.28442562,0.26631612,-28.2,49.2,6.12
1554107545118,-2.542642,-8.39467,6.4541693,0.9917611999999999,0.32384038,0.3334278,-28.26,49.5,5.34
1554107545139,-2.7868507,-8.107366,6.3823433,1.0737866000000003,0.3653857,0.38456047,-28.2,49.8,4.62
1554107545159,-2.7964275,-8.069058,6.640917,1.1451592,0.40586576,0.44208476,-28.2,50.1,4.02
1554107545179,-2.9209259999999997,-8.002021000000001,6.645705,1.2112056999999998,0.43675843,0.50813115,-28.14,50.4,3.48
1554107545199,-3.0071173,-7.8009076,6.6744356,1.2325108999999999,0.46552056,0.58483016,-28.02,50.76,3.0
1554107545219,-3.217807,-7.599794999999999,6.6983776,1.1632688,0.49321744,0.6764429,-27.84,51.0,2.58
1554107545238,-3.4284968,-7.2071457,6.664859,1.0610034,0.5219796,0.77444726,-27.6,51.3,2.1
1554107545259,-3.5146879999999996,-6.9102645,6.746262,0.92038846,0.5603291,0.8628642,-27.36,51.54,1.5
1554107545279,-3.6487634,-6.8288617,6.684012400000001,0.8213189000000001,0.60293967,0.9321064,-27.06,51.78,0.9
1554107545298,-3.8019924,-6.6612678,7.047931,0.8213189000000001,0.6359629,0.9800433000000001,-26.7,52.08,0.18
1554107545318,-3.8690300000000004,-6.4457892999999995,7.023989,0.9331716999999998,0.6583334,1.0247844000000002,-26.28,52.32,-0.6
1554107545338,-4.1659107,-6.0483522,6.928221000000001,1.0897655000000002,0.68816084,1.0641992,-25.62,52.5,-1.56
1554107545359,-4.2042184,-5.7227407,6.865972,1.2452941000000002,0.70840085,1.0865698000000001,-24.9,52.68,-2.46
1554107545379,-4.548983,-5.263054,6.7606273,1.3518206,0.73609775,1.1004181999999998,-24.18,53.1,-3.9
1554107545399,-4.7405194999999996,-4.7267528,6.5403605,1.4061489999999999,0.7499462,1.1110708999999999,-23.04,53.34,-4.68
1554107545419,-4.8841715,-4.6980224,6.5164184999999994,1.3891048000000001,0.75101143,1.1227888000000001,-22.62,53.46,-5.04
1554107545439,-5.080496,-4.0420110000000005,6.6265516,1.2953615,0.74675035,1.1494204,-21.3,53.7,-6.18
1554107545459,-5.21936,-3.8313212,6.645705,1.1728562,0.7435546,1.164334,-20.34,53.76,-7.08
1554107545479,-5.257667,-3.8073792,6.458957700000001,1.1483551,0.7456851,1.1515508999999997,-19.44,53.88,-7.98
1554107545499,-5.4396260000000005,-3.5871127,6.545148999999999,1.1899004,0.7488809000000001,1.1408982,-18.54,53.94,-8.76
1554107545519,-5.7029886,-3.1657330000000004,6.5164184999999994,1.2708606000000002,0.75633776,1.1387677,-17.58,53.94,-9.66
1554107545539,-5.645528,-2.7347770000000002,6.545148999999999,1.2868395000000001,0.7669904000000001,1.1472898999999999,-16.62,53.82,-10.62
1554107545559,-6.100425700000001,-2.5623944,6.731896400000001,1.2665993999999998,0.7978831000000001,1.1259845,-15.72,53.64,-11.64
1554107545578,-6.373365,-2.2415714,6.4924764999999995,1.2825783000000002,0.8277104999999999,1.1121361,-14.7,53.34,-12.6
1554107545599,-6.3685765,-1.9255368000000002,6.415862000000001,1.3134711000000001,0.8362325999999999,1.1195928999999998,-13.74,53.04,-13.5
1554107545619,-6.373365,-1.489792,6.1955953,1.3230585,0.84368944,1.128115,-12.9,52.62,-14.28
1554107545639,-6.445191,-1.0061632,5.994482499999999,1.2676646999999999,0.8681905000000001,1.1238540000000001,-12.0,52.2,-14.94
1554107545659,-6.5984197,-0.66139823,5.8221,1.2016183,0.8809737,1.1025486999999998,-11.1,51.6,-15.54
1554107545679,-6.612785000000001,-0.53211135,5.6257753,1.1547466999999998,0.8852348,1.0599382,-10.2,50.88,-16.08
1554107545698,-6.684611299999999,-0.17298107,5.707178,1.1174624,0.8905610999999999,1.0407634,-9.24,50.22,-16.62
1554107545718,-6.6893997,0.17178397,5.6976013,1.091896,0.88949585,1.0077401,-8.22,49.5,-17.1
1554107545739,-6.7516490000000005,0.7846996,5.257068,1.099353,0.8788431999999999,0.96086854,-7.38,48.78,-17.52
1554107545759,-6.8761472999999995,1.110311,5.003283000000001,1.0695255,0.8426242,0.8990832000000001,-6.54,47.94,-17.88
1554107545778,-7.125144500000001,1.3736732,4.5962687,0.9150621999999999,0.78296936,0.8341021000000001,-5.76,47.04,-18.24
1554107545798,-7.177817,1.5699978,4.586692,0.7861651999999999,0.72970617,0.773382,-4.92,46.14,-18.6
1554107545818,-7.2352777,1.8429368000000002,4.466982,0.71479243,0.68389976,0.737163,-4.14,45.24,-19.14
1554107545840,-7.3406224,2.0296845,4.601057,0.6487460999999999,0.58909124,0.65194184,-3.48,44.4,-19.62
1554107545858,-7.28795,2.2403743,4.524442700000001,0.5581986,0.5230448000000001,0.60293967,-2.88,43.56,-20.1
1554107545878,-7.335833999999999,2.570774,4.371214,0.41545314,0.46765109999999993,0.5475459,-2.28,42.78,-20.46
1554107545899,-7.5944076,2.532467,4.2850223,0.29188246,0.42184472,0.46765109999999993,-1.56,42.06,-20.64
1554107545919,-7.704541000000001,2.594716,4.361637,0.2034655,0.37603834,0.40586576,-0.96,41.4,-20.76
1554107545938,-7.632714999999999,2.6569653,4.4382515,0.17576863,0.33555830000000003,0.36218992,-0.42,40.8,-20.82
1554107545959,-7.7572136,2.9059622000000003,4.2993879999999995,0.07989483,0.28229508,0.27164245,0.06,40.2,-20.94
1554107545979,-7.8003089999999995,3.1597476,4.256292,-0.054328485999999995,0.22583607,0.22050974,0.48,39.66,-20.82
1554107545999,-7.7811556,3.020884,4.2754455,-0.19707392,0.22903186,0.18429075,0.9,39.24,-20.7
1554107546019,-7.6853875999999985,2.690484,4.6202106,-0.29294774,0.24820662,0.1470065,1.14,38.88,-20.64
1554107546039,-7.876923599999999,2.2930467,4.7207669999999995,-0.24714136,0.24501082,0.128897,1.44,38.58,-20.58
1554107546059,-7.967903,2.259528,4.7016134,-0.15126756,0.21944448,0.1438107,1.62,38.4,-20.52
1554107546079,-8.125919999999999,2.5611973,4.466982,-0.046871635999999994,0.20240025,0.1470065,1.86,38.22,-20.52
1554107546098,-7.9822683,2.7670987,4.6154222,0.018109497,0.18002969,0.1438107,2.04,38.16,-20.46
1554107546118,-8.111555000000001,2.8006175,4.648941000000001,0.02130529,0.16831179,0.12570119999999999,2.16,38.22,-20.4
1554107546138,-7.8003089999999995,2.7335799,4.538808,0.07882957,0.13848437,0.10972224,2.28,38.28,-20.28
1554107546159,-7.785944000000001,2.9921536,4.4238862999999995,0.1587244,0.13741912,0.080960095,2.4,38.34,-20.1
1554107546179,-7.9104424,3.0496144,4.529230999999999,0.19813919,0.12357068,0.017044231,2.52,38.4,-19.98
1554107546198,-7.905653999999999,3.0304607999999997,4.3664255,0.2790993,0.08628642,-0.047936900000000005,2.64,38.46,-19.8
1554107546220,-7.929596000000001,2.9777883999999997,3.8684312999999997,0.24714136,-0.020240024,-0.09374327,2.88,38.34,-19.56
1554107546238,-8.135497,2.747945,3.7056258,0.09267801,-0.06178534,-0.09587380000000001,3.0,38.28,-19.5
1554107546259,-7.9248075,1.9961656000000003,4.1078515,-0.22477080000000002,-0.060720075,-0.0010652645,3.24,38.04,-19.32
1554107546279,-8.073248,1.9818004,4.577115,-0.1949434,-0.035153727999999995,0.037284255,3.3,37.92,-19.26
1554107546298,-8.125919999999999,2.297835,3.9306807999999998,0.06391586,-0.053263225,0.082025364,3.42,37.74,-19.26
1554107546319,-7.967903,2.6952724,4.208408,0.084155895,-0.034088463,0.15020229,3.54,37.56,-19.32
1554107546338,-8.226477000000001,3.2555158,4.6297874000000006,0.05752428,-0.039414786,0.098004326,3.66,37.44,-19.38
1554107546358,-8.106767,3.494936,4.2945995,0.060720075,-0.03195793,0.046871635999999994,3.66,37.32,-19.44
1554107546379,-7.920019,3.4183214,4.313753,-0.06391586,0.053263225,0.029827405,3.66,37.26,-19.56
1554107546399,-7.943961,3.4231097999999998,4.577115,-0.04580637,0.05006743,-0.007456851,3.72,37.26,-19.62
1554107546419,-8.049306,3.4614172,4.1796775,0.10865697,0.00958738,-0.05006743,3.72,37.26,-19.68
1554107546439,-7.920019,3.1884782000000005,4.2850223,0.18002969,-0.018109497,-0.1107875,3.78,37.26,-19.74
1554107546459,-8.034941,2.891597,4.0743327,0.25353295,-0.07989483,-0.12250541,3.78,37.26,-19.74
1554107546478,-7.714117999999999,2.9442697,4.064756,0.14168017,-0.10759171,-0.096939065,3.84,37.26,-19.68
1554107546499,-7.666233999999999,2.8868085999999997,4.007295,0.10439592,-0.13102753,-0.11930962,3.9,37.2,-19.62
1554107546519,-7.4842744,2.9538465,4.0025067000000005,0.1949434,-0.18109496,-0.16405073,3.9,37.2,-19.62
1554107546538,-7.6853875999999985,3.3273417999999997,4.0216603,0.21198763,-0.24714136,-0.20772657,3.96,37.14,-19.56
1554107546558,-7.5944076,3.4278982000000005,4.0839095,0.06178534,-0.28016454,-0.27057716,3.96,37.08,-19.56
1554107546578,-7.819463000000001,3.0160956000000003,4.2131963,-0.05006743,-0.28868666,-0.3323625,3.96,37.02,-19.56
1554107546599,-7.5561004,2.460641,4.529230999999999,-0.094808534,-0.29188246,-0.37071204,3.78,36.96,-19.86
1554107546619,-7.417236999999999,2.4654293,4.4717703,0.05219796,-0.30679616,-0.41758367,3.66,36.9,-20.04
1554107546639,-7.4268136,2.8389246,4.524442700000001,0.22903186,-0.34301516,-0.49108690000000005,3.48,36.84,-20.22
1554107546658,-7.522581599999999,2.867655,4.217984700000001,0.294013,-0.41864893,-0.5635249,3.36,36.84,-20.4
1554107546678,-7.4124484,2.9251158,4.1892543,0.21624869,-0.5113269,-0.62531024,3.12,36.84,-20.64
1554107546699,-7.225700999999999,2.7240029999999997,4.2993879999999995,0.12144015,-0.5901565,-0.67218184,2.94,36.84,-20.88
1554107546718,-7.0724716,2.5228900000000003,4.4765587,0.11717909,-0.65513766,-0.7233145999999999,2.64,36.9,-21.12
1554107546738,-7.015011,2.1733365,4.7207669999999995,0.21198763,-0.7499462,-0.7882956999999999,2.34,37.08,-21.36
1554107546759,-7.3166804,2.0632033,5.1086279999999995,0.33981937,-0.8841694999999999,-0.8266452,1.98,37.26,-21.48
1554107546779,-7.2352777,2.259528,4.912303400000001,0.32597092,-1.0077401,-0.83729786,1.5,37.44,-21.72
1554107546799,-6.9671270000000005,2.5181017000000003,4.9218802,0.19813919,-1.0844392,-0.8724516,1.02,37.62,-22.08
1554107546819,-6.6989765,2.0871453,5.146935,0.05219796,-1.1036139999999999,-0.9193232,0.48,37.8,-22.5
1554107546839,-6.6415157,1.4885948999999998,5.620987,0.022370555,-1.139833,-0.96406436,-0.18,38.04,-23.04
1554107546859,-6.684611299999999,1.2683283,5.94181,0.03089267,-1.1824435,-0.9683254000000001,-0.9,38.34,-23.52
1554107546879,-6.517017,1.4119805,5.7502737,0.02130529,-1.2335763000000002,-0.96299905,-1.74,38.7,-24.0
1554107546899,-6.4882865,1.5987281999999998,5.333683000000001,-0.09267801,-1.284709,-0.9896306999999999,-2.58,38.94,-24.48
1554107546918,-6.2823853,1.6705543,5.266645,-0.22264028,-1.3624732,-1.0524813,-3.3,39.18,-24.96
1554107546938,-5.8945246,1.3784616000000003,5.7933699999999995,-0.2908172,-1.4530207,-1.144094,-4.02,39.42,-25.38
1554107546959,-5.5162406,0.74639237,5.855619,-0.2609898,-1.5126754999999998,-1.2484899999999999,-4.86,39.6,-25.74
1554107546981,-5.559336,0.52612585,5.975329,-0.21518342,-1.5797871,-1.2761868,-5.88,39.84,-26.04
1554107546998,-5.4061074,0.4878186,5.8412538,-0.22903186,-1.6873789000000001,-1.320928,-6.9,40.14,-26.28
1554107547019,-4.9799394999999995,1.2204443,5.8268886,-0.56672066,-1.8034927,-1.3422332000000001,-8.46,40.38,-26.58
1554107547039,-4.323928400000001,0.74639237,5.999271,-0.9257148000000001,-1.8418423,-1.4317155000000001,-9.54,40.56,-26.7
1554107547059,-4.0414124,-0.110731825,7.023989,-1.1696603,-1.8429075000000001,-1.5158713,-10.74,40.74,-26.94
1554107547079,-3.7972038,-0.8242039000000001,7.3352356,-1.0684601999999999,-1.8759307,-1.6394419999999998,-12.12,40.98,-27.12
1554107547098,-3.6918589999999996,-0.694917,6.937798,-0.9289106,-1.9515644,-1.6948358000000001,-12.9,41.16,-27.18
1554107547119,-2.954445,-0.83378077,6.607398,-1.2122709999999999,-2.0527647,-1.700162,-15.3,41.88,-27.24
1554107547139,-2.27928,-2.059612,7.756614999999999,-1.7470337,-2.0751352,-1.6543556000000001,-16.98,42.3,-27.12
1554107547162,-1.9823990000000002,-2.6533740000000003,7.9625163,-2.352104,-2.0442424,-1.6138756,-18.72,42.66,-26.76
1554107547178,-1.3694833999999998,-3.8361096,8.115746000000001,-2.4959147,-1.9856528999999998,-1.6287893,-20.46,43.2,-26.16
1554107547200,-0.9720459000000001,-4.3436804,8.268974,-2.621616,-1.9238676,-1.591505,-22.32,43.74,-25.32
1554107547220,-0.6847416999999999,-4.6932339999999995,7.8811135,-2.7601001,-1.8631475,-1.5883093000000001,-24.18,44.4,-24.24
1554107547240,-0.33039984,-5.401917500000001,7.507617999999999,-3.0466564,-1.7928401000000003,-1.6106798999999998,-26.04,45.0,-22.8
1554107547260,0.36870706,-6.1153900000000005,7.167641000000001,-3.3736925,-1.7065537,-1.6021577,-27.72,45.48,-21.12
1554107547278,0.9720459000000001,-7.1592617,6.9665284,-3.6123117999999996,-1.5701998,-1.6010925,-29.04,45.9,-19.08
1554107547298,1.1875241,-7.915829,6.458957700000001,-3.722034,-1.417867,-1.6096146,-30.36,46.32,-16.8
1554107547319,1.283292,-8.145673,6.047155,-3.701794,-1.3134711000000001,-1.6618125,-31.56,46.62,-14.52
1554107547338,1.6184803,-8.648455,4.9506106,-3.7369477999999994,-1.216532,-1.7235979,-32.94,46.74,-12.06
1554107547358,2.1308396000000003,-8.428188,4.361637,-4.0266995,-1.1483551,-1.6980315,-34.2,46.5,-9.6
1554107547379,2.456451,-8.576628999999999,4.0120835,-4.2429485,-1.0396981,-1.7757957999999998,-35.22,45.84,-7.02
1554107547399,2.7581203,-9.390657000000001,3.6194344,-4.3473444,-0.8724516,-1.9036276,-36.06,44.88,-4.38
1554107547419,3.1124623,-10.750565,3.0160956000000003,-4.2237735,-0.73609775,-1.9153455000000001,-36.84,43.38,-1.74
1554107547439,3.7062242,-10.985196,2.273893,-3.9521309999999996,-0.5858955,-1.8769958999999998,-37.62,41.52,0.96
1554107547459,4.0462008,-10.511144,1.6083049999999999,-3.5249599999999996,-0.42717105,-1.8706043999999997,-38.4,39.36,3.48
1554107547479,4.1419687000000005,-10.865486,1.9243397,-2.8889972999999998,-0.257794,-1.9441077000000002,-39.12,36.78,5.88
1554107547499,4.209007,-11.947664999999999,1.3880384,-2.4234767,-0.1768339,-1.9068234,-39.72,33.96,7.98
1554107547518,4.4436383,-11.641207000000001,1.0432734000000001,-1.824798,-0.09267801,-1.7555558999999998,-40.38,31.08,9.84
1554107547539,4.6686935,-10.822391,0.5883751,-1.3315805,-0.07137272,-1.5883093000000001,-40.98,28.14,11.46
1554107547559,4.855441000000001,-10.726623,-0.42197806,-1.2783173,-0.046871635999999994,-1.4476944,-41.58,25.2,12.84
1554107547578,5.1906295,-10.91337,-0.374094,-1.3667343,-0.02876214,-1.2442288000000001,-42.18,22.38,13.86
1554107547598,4.9943047,-11.717822,0.16220717,-1.1877699,-0.0031957934000000003,-1.0610034,-42.72,19.8,14.46
1554107547619,4.960786,-11.861474000000001,0.023343466,-0.72970617,0.023435817999999997,-0.86179894,-43.26,17.34,14.94
1554107547639,4.965574299999999,-11.171944,-0.17298107,-0.330232,0.02130529,-0.6402239000000001,-43.8,15.24,15.18
1554107547659,4.6016555,-10.310031,-0.53689975,-0.10013486,0.002130529,-0.49960902,-44.1,13.38,15.42
1554107547678,4.5058875,-9.965266,-0.7715314999999999,-0.046871635999999994,-0.036218993,-0.35473305,-44.34,11.64,15.54
1554107547698,4.6255975,-9.783307,-0.87687635,-0.05219796,-0.07243799,-0.22050974,-44.52,10.32,15.6
1554107547719,4.486733999999999,-9.673173,-0.7858967,-0.035153727999999995,-0.10759171,-0.13528858,-44.76,9.12,15.66
1554107547739,4.4723687000000005,-9.357139,-0.7140707,-0.007456851,-0.13528858,-0.06711166,-45.0,8.16,15.66
1554107547759,4.4196963,-9.088988,-0.86251116,0.054328485999999995,-0.16405073,-0.023435817999999997,-45.24,7.44,15.72
1554107547779,4.4484267,-8.849568,-1.0444705,0.11930962,-0.18216023,0.00958738,-45.36,6.84,15.72
1554107547799,4.6208089999999995,-8.873510000000001,-0.96306765,0.1438107,-0.18002969,0.06391586,-45.42,6.42,15.72
1554107547819,4.6591167,-8.739435,-1.073201,0.12570119999999999,-0.17896444,0.10333065,-45.42,6.12,15.78
1554107547838,4.7165775000000005,-8.715492999999999,-1.0205284,0.07989483,-0.18855181,0.13954964,-45.42,6.0,15.78
1554107547858,4.7979803,-8.729858,-1.0540473,0.056459017,-0.20772657,0.15978967,-45.36,5.94,15.78
1554107547878,4.936844000000001,-8.658031,-0.9247603999999999,0.03834952,-0.23648871,0.18748654,-45.3,6.0,15.9
1554107547899,4.8267107000000005,-8.667608,-1.1689690000000001,0.051132694000000006,-0.25246766,0.20559604,-45.24,6.12,15.9
